tm1,tm2,gm_type,s1,s2,w1,w2
abilene-christian,arlington-baptist,REG,107,54,1,0
abilene-christian,arkansas-state,REG,94,73,1,0
abilene-christian,denver,REG,67,61,1,0
abilene-christian,elon,REG,72,56,1,0
abilene-christian,pacific,REG,73,71,1,0
abilene-christian,california-riverside,REG,60,48,1,0
abilene-christian,howard-payne,REG,90,53,1,0
abilene-christian,pepperdine,REG,62,77,0,1
abilene-christian,campbell,REG,83,68,1,0
abilene-christian,schreiner,REG,93,53,1,0
abilene-christian,texas-tech,REG,48,82,0,1
abilene-christian,southeast-missouri-state,REG,70,68,1,0
abilene-christian,mcmurry,REG,88,40,1,0
abilene-christian,new-orleans,REG,68,58,1,0
abilene-christian,sam-houston-state,REG,68,71,0,1
abilene-christian,mcneese-state,REG,73,72,1,0
abilene-christian,southeastern-louisiana,REG,75,72,1,0
abilene-christian,houston-baptist,REG,75,68,1,0
abilene-christian,northwestern-state,REG,78,69,1,0
abilene-christian,stephen-f-austin,REG,60,61,0,1
abilene-christian,central-arkansas,REG,79,56,1,0
abilene-christian,texas-am-corpus-christi,REG,78,71,1,0
abilene-christian,lamar,REG,75,64,1,0
abilene-christian,sam-houston-state,REG,85,90,0,1
abilene-christian,nicholls-state,REG,64,48,1,0
abilene-christian,incarnate-word,REG,68,48,1,0
abilene-christian,southeastern-louisiana,REG,66,75,0,1
abilene-christian,texas-am-corpus-christi,REG,73,64,1,0
abilene-christian,central-arkansas,REG,67,55,1,0
abilene-christian,stephen-f-austin,REG,72,58,1,0
abilene-christian,incarnate-word,REG,81,52,1,0
abilene-christian,southeastern-louisiana,CTOURN,69,66,1,0
abilene-christian,new-orleans,CTOURN,77,60,1,0
arizona-state,cal-state-fullerton,REG,102,94,1,0
arizona-state,mcneese-state,REG,80,52,1,0
arizona-state,long-beach-state,REG,90,58,1,0
arizona-state,mississippi-state,REG,72,67,1,0
arizona-state,utah-state,REG,87,82,1,0
arizona-state,nebraska-omaha,REG,89,71,1,0
arizona-state,texas-southern,REG,83,71,1,0
arizona-state,nevada,REG,66,72,0,1
arizona-state,georgia,REG,76,74,1,0
arizona-state,vanderbilt,REG,65,81,0,1
arizona-state,kansas,REG,80,76,1,0
arizona-state,princeton,REG,66,67,0,1
arizona-state,utah,REG,86,96,0,1
arizona-state,colorado,REG,83,61,1,0
arizona-state,california,REG,80,66,1,0
arizona-state,stanford,REG,71,85,0,1
arizona-state,oregon-state,REG,70,67,1,0
arizona-state,oregon,REG,78,64,1,0
arizona-state,ucla,REG,84,73,1,0
arizona-state,southern-california,REG,67,69,0,1
arizona-state,arizona,REG,95,88,1,0
arizona-state,washington-state,REG,70,91,0,1
arizona-state,washington,REG,75,63,1,0
arizona-state,colorado,REG,73,77,0,1
arizona-state,utah,REG,98,87,1,0
arizona-state,stanford,REG,80,62,1,0
arizona-state,california,REG,69,59,1,0
arizona-state,oregon,REG,51,79,0,1
arizona-state,oregon-state,REG,74,71,1,0
arizona-state,arizona,REG,72,64,1,0
arizona-state,ucla,CTOURN,83,72,1,0
arizona-state,oregon,CTOURN,75,79,0,1
auburn,south-alabama,REG,101,58,1,0
auburn,washington,REG,88,66,1,0
auburn,mississippi-college,REG,103,52,1,0
auburn,xavier,REG,88,79,1,0
auburn,duke,REG,72,78,0,1
auburn,arizona,REG,73,57,1,0
auburn,saint-peters,REG,99,49,1,0
auburn,north-carolina-asheville,REG,67,41,1,0
auburn,dayton,REG,82,72,1,0
auburn,alabama-birmingham,REG,75,71,1,0
auburn,north-carolina-state,REG,71,78,0,1
auburn,murray-state,REG,93,88,1,0
auburn,north-florida,REG,95,49,1,0
auburn,mississippi,REG,67,82,0,1
auburn,georgia,REG,93,78,1,0
auburn,texas-am,REG,85,66,1,0
auburn,kentucky,REG,80,82,0,1
auburn,south-carolina,REG,77,80,0,1
auburn,mississippi-state,REG,84,92,0,1
auburn,missouri,REG,92,58,1,0
auburn,alabama,REG,84,63,1,0
auburn,florida,REG,76,62,1,0
auburn,louisiana-state,REG,78,83,0,1
auburn,mississippi,REG,55,60,0,1
auburn,vanderbilt,REG,64,53,1,0
auburn,arkansas,REG,79,56,1,0
auburn,kentucky,REG,53,80,0,1
auburn,georgia,REG,78,75,1,0
auburn,mississippi-state,REG,80,75,1,0
auburn,alabama,REG,66,60,1,0
auburn,tennessee,REG,84,80,1,0
auburn,missouri,CTOURN,81,71,1,0
auburn,south-carolina,CTOURN,73,64,1,0
auburn,florida,CTOURN,65,62,1,0
auburn,tennessee,CTOURN,84,64,1,0
baylor,texas-southern,REG,69,72,0,1
baylor,southern,REG,80,53,1,0
baylor,prairie-view,REG,91,80,1,0
baylor,nicholls-state,REG,81,54,1,0
baylor,mississippi,REG,70,78,0,1
baylor,george-mason,REG,72,61,1,0
baylor,south-dakota,REG,63,57,1,0
baylor,wichita-state,REG,63,71,0,1
baylor,arizona,REG,58,49,1,0
baylor,stephen-f-austin,REG,58,59,0,1
baylor,oregon,REG,57,47,1,0
baylor,new-orleans,REG,84,44,1,0
baylor,texas-christian,REG,81,85,0,1
baylor,iowa-state,REG,73,70,1,0
baylor,kansas,REG,68,73,0,1
baylor,oklahoma-state,REG,73,69,1,0
baylor,texas-tech,REG,73,62,1,0
baylor,west-virginia,REG,85,73,1,0
baylor,alabama,REG,73,68,1,0
baylor,oklahoma,REG,77,47,1,0
baylor,texas-christian,REG,90,64,1,0
baylor,texas,REG,72,84,0,1
baylor,kansas-state,REG,63,70,0,1
baylor,oklahoma,REG,59,53,1,0
baylor,texas-tech,REG,61,86,0,1
baylor,iowa-state,REG,73,69,1,0
baylor,west-virginia,REG,82,75,1,0
baylor,texas,REG,84,83,1,0
baylor,kansas-state,REG,60,66,0,1
baylor,oklahoma-state,REG,64,67,0,1
baylor,kansas,REG,70,78,0,1
baylor,iowa-state,CTOURN,66,83,0,1
belmont,illinois-state,REG,100,89,1,0
belmont,middle-tennessee,REG,92,73,1,0
belmont,lipscomb,REG,87,83,1,0
belmont,trevecca-nazarene,REG,104,50,1,0
belmont,kennesaw-state,REG,91,53,1,0
belmont,samford,REG,99,93,1,0
belmont,green-bay,REG,92,100,0,1
belmont,lipscomb,REG,76,74,1,0
belmont,ucla,REG,74,72,1,0
belmont,western-kentucky,REG,80,74,1,0
belmont,purdue,REG,62,73,0,1
belmont,jacksonville-state,REG,73,83,0,1
belmont,tennessee-tech,REG,79,67,1,0
belmont,morehead-state,REG,77,60,1,0
belmont,eastern-kentucky,REG,109,93,1,0
belmont,jacksonville-state,REG,80,91,0,1
belmont,tennessee-state,REG,92,74,1,0
belmont,murray-state,REG,79,66,1,0
belmont,austin-peay,REG,96,92,1,0
belmont,southeast-missouri-state,REG,97,71,1,0
belmont,tennessee-martin,REG,82,67,1,0
belmont,eastern-kentucky,REG,83,65,1,0
belmont,morehead-state,REG,96,86,1,0
belmont,tennessee-state,REG,77,66,1,0
belmont,tennessee-tech,REG,93,65,1,0
belmont,eastern-illinois,REG,99,58,1,0
belmont,southern-illinois-edwardsville,REG,97,75,1,0
belmont,tennessee-martin,REG,112,67,1,0
belmont,southeast-missouri-state,REG,84,66,1,0
belmont,austin-peay,CTOURN,83,67,1,0
belmont,murray-state,CTOURN,65,77,0,1
bradley,wisconsin-parkside,REG,74,58,1,0
bradley,southeast-missouri-state,REG,68,57,1,0
bradley,jacksonville-state,REG,74,65,1,0
bradley,illinois-chicago,REG,70,71,0,1
bradley,southern-methodist,REG,75,62,1,0
bradley,penn-state,REG,59,56,1,0
bradley,chicago-state,REG,86,70,1,0
bradley,iupui,REG,73,85,0,1
bradley,new-mexico,REG,75,85,0,1
bradley,arkansas-little-rock,REG,68,62,1,0
bradley,eastern-illinois,REG,66,73,0,1
bradley,georgia-southern,REG,74,79,0,1
bradley,southeastern-louisiana,REG,63,60,1,0
bradley,northern-iowa,REG,47,65,0,1
bradley,indiana-state,REG,60,65,0,1
bradley,valparaiso,REG,50,61,0,1
bradley,missouri-state,REG,64,69,0,1
bradley,drake,REG,52,69,0,1
bradley,southern-illinois,REG,57,54,1,0
bradley,illinois-state,REG,85,68,1,0
bradley,missouri-state,REG,37,55,0,1
bradley,evansville,REG,81,73,1,0
bradley,southern-illinois,REG,68,72,0,1
bradley,northern-iowa,REG,79,71,1,0
bradley,indiana-state,REG,96,67,1,0
bradley,loyola-il,REG,61,54,1,0
bradley,illinois-state,REG,65,59,1,0
bradley,drake,REG,68,77,0,1
bradley,evansville,REG,63,61,1,0
bradley,valparaiso,REG,67,42,1,0
bradley,loyola-il,REG,68,81,0,1
bradley,missouri-state,CTOURN,61,58,1,0
bradley,loyola-il,CTOURN,53,51,1,0
bradley,northern-iowa,CTOURN,57,54,1,0
buffalo,saint-francis-pa,REG,82,67,1,0
buffalo,west-virginia,REG,99,94,1,0
buffalo,southern-illinois,REG,62,53,1,0
buffalo,dartmouth,REG,110,71,1,0
buffalo,marist,REG,76,49,1,0
buffalo,milwaukee,REG,96,77,1,0
buffalo,san-francisco,REG,85,81,1,0
buffalo,le-moyne,REG,89,55,1,0
buffalo,st-bonaventure,REG,80,62,1,0
buffalo,southern-illinois,REG,73,65,1,0
buffalo,syracuse,REG,71,59,1,0
buffalo,marquette,REG,85,103,0,1
buffalo,canisius,REG,87,72,1,0
buffalo,eastern-michigan,REG,74,58,1,0
buffalo,toledo,REG,110,80,1,0
buffalo,miami-oh,REG,88,64,1,0
buffalo,western-michigan,REG,88,79,1,0
buffalo,eastern-michigan,REG,77,65,1,0
buffalo,northern-illinois,REG,75,77,0,1
buffalo,kent-state,REG,88,79,1,0
buffalo,ball-state,REG,83,59,1,0
buffalo,bowling-green-state,REG,88,92,0,1
buffalo,central-michigan,REG,90,76,1,0
buffalo,akron,REG,76,70,1,0
buffalo,toledo,REG,88,82,1,0
buffalo,ohio,REG,114,67,1,0
buffalo,kent-state,REG,80,57,1,0
buffalo,akron,REG,77,64,1,0
buffalo,miami-oh,REG,77,69,1,0
buffalo,ohio,REG,82,79,1,0
buffalo,bowling-green-state,REG,84,73,1,0
buffalo,akron,CTOURN,82,46,1,0
buffalo,central-michigan,CTOURN,85,81,1,0
buffalo,bowling-green-state,CTOURN,87,73,1,0
california-irvine,idaho,REG,86,68,1,0
california-irvine,texas-am,REG,74,73,1,0
california-irvine,life-pacific,REG,87,53,1,0
california-irvine,santa-clara,REG,61,49,1,0
california-irvine,texas-san-antonio,REG,65,56,1,0
california-irvine,tulane,REG,67,55,1,0
california-irvine,toledo,REG,60,67,0,1
california-irvine,saint-marys-ca,REG,80,75,1,0
california-irvine,utah-state,REG,65,89,0,1
california-irvine,california-baptist,REG,69,66,1,0
california-irvine,montana,REG,60,51,1,0
california-irvine,denver,REG,86,52,1,0
california-irvine,eastern-michigan,REG,52,48,1,0
california-irvine,butler,REG,54,71,0,1
california-irvine,pacific,REG,75,84,0,1
california-irvine,texas-pan-american,REG,85,74,1,0
california-irvine,california-davis,REG,71,69,1,0
california-irvine,cal-state-fullerton,REG,63,46,1,0
california-irvine,long-beach-state,REG,70,80,0,1
california-irvine,cal-state-northridge,REG,74,68,1,0
california-irvine,hawaii,REG,75,74,1,0
california-irvine,california-riverside,REG,82,64,1,0
california-irvine,california-santa-barbara,REG,66,62,1,0
california-irvine,long-beach-state,REG,82,80,1,0
california-irvine,cal-state-fullerton,REG,60,53,1,0
california-irvine,hawaii,REG,67,56,1,0
california-irvine,california-santa-barbara,REG,83,70,1,0
california-irvine,cal-poly,REG,74,47,1,0
california-irvine,california-davis,REG,64,48,1,0
california-irvine,california-riverside,REG,68,47,1,0
california-irvine,cal-poly,REG,110,72,1,0
california-irvine,cal-state-northridge,REG,86,74,1,0
california-irvine,california-riverside,CTOURN,63,44,1,0
california-irvine,long-beach-state,CTOURN,75,67,1,0
california-irvine,cal-state-fullerton,CTOURN,92,64,1,0
central-florida,rider,REG,84,70,1,0
central-florida,florida-atlantic,REG,79,80,0,1
central-florida,cal-state-fullerton,REG,68,52,1,0
central-florida,saint-josephs,REG,77,57,1,0
central-florida,western-kentucky,REG,78,62,1,0
central-florida,northern-kentucky,REG,66,53,1,0
central-florida,alabama,REG,70,64,1,0
central-florida,missouri,REG,62,64,0,1
central-florida,grambling,REG,70,45,1,0
central-florida,georgia-southern,REG,95,88,1,0
central-florida,stetson,REG,90,65,1,0
central-florida,illinois-state,REG,77,56,1,0
central-florida,temple,REG,78,73,1,0
central-florida,connecticut,REG,65,53,1,0
central-florida,east-carolina,REG,76,65,1,0
central-florida,wichita-state,REG,67,75,0,1
central-florida,tulsa,REG,64,62,1,0
central-florida,tulane,REG,75,50,1,0
central-florida,memphis,REG,57,77,0,1
central-florida,connecticut,REG,73,67,1,0
central-florida,houston,REG,68,77,0,1
central-florida,southern-methodist,REG,71,65,1,0
central-florida,south-florida,REG,78,65,1,0
central-florida,memphis,REG,79,72,1,0
central-florida,cincinnati,REG,55,60,0,1
central-florida,southern-methodist,REG,95,48,1,0
central-florida,south-florida,REG,75,63,1,0
central-florida,houston,REG,69,64,1,0
central-florida,cincinnati,REG,58,55,1,0
central-florida,temple,REG,62,67,0,1
central-florida,memphis,CTOURN,55,79,0,1
cincinnati,ohio-state,REG,56,64,0,1
cincinnati,north-carolina-central,REG,73,51,1,0
cincinnati,milwaukee,REG,74,63,1,0
cincinnati,western-michigan,REG,78,52,1,0
cincinnati,george-mason,REG,71,55,1,0
cincinnati,mississippi,REG,71,57,1,0
cincinnati,arkansas-pine-bluff,REG,105,49,1,0
cincinnati,nevada-las-vegas,REG,65,61,1,0
cincinnati,northern-kentucky,REG,78,65,1,0
cincinnati,xavier,REG,62,47,1,0
cincinnati,mississippi-state,REG,59,70,0,1
cincinnati,ucla,REG,93,64,1,0
cincinnati,south-carolina-state,REG,77,56,1,0
cincinnati,tulane,REG,93,61,1,0
cincinnati,east-carolina,REG,71,73,0,1
cincinnati,tulsa,REG,70,65,1,0
cincinnati,connecticut,REG,74,72,1,0
cincinnati,south-florida,REG,82,74,1,0
cincinnati,wichita-state,REG,66,55,1,0
cincinnati,tulsa,REG,88,64,1,0
cincinnati,temple,REG,72,68,1,0
cincinnati,southern-methodist,REG,73,68,1,0
cincinnati,memphis,REG,69,64,1,0
cincinnati,houston,REG,58,65,0,1
cincinnati,wichita-state,REG,72,62,1,0
cincinnati,central-florida,REG,60,55,1,0
cincinnati,connecticut,REG,64,60,1,0
cincinnati,southern-methodist,REG,52,49,1,0
cincinnati,memphis,REG,71,69,1,0
cincinnati,central-florida,REG,55,58,0,1
cincinnati,houston,REG,69,85,0,1
cincinnati,southern-methodist,CTOURN,82,74,1,0
cincinnati,wichita-state,CTOURN,66,63,1,0
cincinnati,houston,CTOURN,69,57,1,0
colgate,njit,REG,78,81,0,1
colgate,monmouth,REG,87,74,1,0
colgate,cornell,REG,73,57,1,0
colgate,nazareth,REG,86,68,1,0
colgate,binghamton,REG,76,68,1,0
colgate,syracuse,REG,56,77,0,1
colgate,siena,REG,84,79,1,0
colgate,south-florida,REG,63,73,0,1
colgate,florida-gulf-coast,REG,74,56,1,0
colgate,columbia,REG,64,62,1,0
colgate,penn-state,REG,65,76,0,1
colgate,marist,REG,82,66,1,0
colgate,pittsburgh,REG,54,68,0,1
colgate,navy,REG,66,72,0,1
colgate,american,REG,73,69,1,0
colgate,bucknell,REG,81,84,0,1
colgate,lehigh,REG,91,78,1,0
colgate,army,REG,81,91,0,1
colgate,boston-university,REG,77,56,1,0
colgate,lafayette,REG,57,47,1,0
colgate,loyola-md,REG,72,79,0,1
colgate,army,REG,76,56,1,0
colgate,boston-university,REG,68,76,0,1
colgate,lehigh,REG,84,62,1,0
colgate,loyola-md,REG,75,72,1,0
colgate,holy-cross,REG,74,70,1,0
colgate,american,REG,83,81,1,0
colgate,bucknell,REG,75,64,1,0
colgate,navy,REG,93,71,1,0
colgate,holy-cross,REG,79,59,1,0
colgate,lafayette,REG,76,70,1,0
colgate,boston-university,CTOURN,81,69,1,0
colgate,navy,CTOURN,80,70,1,0
colgate,bucknell,CTOURN,94,80,1,0
duke,kentucky,REG,118,84,1,0
duke,army,REG,94,72,1,0
duke,eastern-michigan,REG,84,46,1,0
duke,san-diego-state,REG,90,64,1,0
duke,auburn,REG,78,72,1,0
duke,gonzaga,REG,87,89,0,1
duke,indiana,REG,90,69,1,0
duke,stetson,REG,113,49,1,0
duke,hartford,REG,84,54,1,0
duke,yale,REG,91,58,1,0
duke,princeton,REG,101,50,1,0
duke,texas-tech,REG,69,58,1,0
duke,clemson,REG,87,68,1,0
duke,wake-forest,REG,87,65,1,0
duke,florida-state,REG,80,78,1,0
duke,syracuse,REG,91,95,0,1
duke,virginia,REG,72,70,1,0
duke,pittsburgh,REG,79,64,1,0
duke,georgia-tech,REG,66,53,1,0
duke,notre-dame,REG,83,61,1,0
duke,st-johns-ny,REG,91,61,1,0
duke,boston-college,REG,80,55,1,0
duke,virginia,REG,81,71,1,0
duke,louisville,REG,71,69,1,0
duke,north-carolina-state,REG,94,78,1,0
duke,north-carolina,REG,72,88,0,1
duke,syracuse,REG,75,65,1,0
duke,virginia-tech,REG,72,77,0,1
duke,miami-fl,REG,87,57,1,0
duke,wake-forest,REG,71,70,1,0
duke,north-carolina,REG,70,79,0,1
duke,syracuse,CTOURN,84,72,1,0
duke,north-carolina,CTOURN,74,73,1,0
duke,florida-state,CTOURN,73,63,1,0
fairleigh-dickinson,rutgers,REG,55,90,0,1
fairleigh-dickinson,queens-(ny),REG,87,48,1,0
fairleigh-dickinson,nyit,REG,85,57,1,0
fairleigh-dickinson,princeton,REG,77,66,1,0
fairleigh-dickinson,lafayette,REG,76,80,0,1
fairleigh-dickinson,providence,REG,59,69,0,1
fairleigh-dickinson,holy-cross,REG,49,67,0,1
fairleigh-dickinson,army,REG,93,84,1,0
fairleigh-dickinson,njit,REG,80,90,0,1
fairleigh-dickinson,saint-peters,REG,83,74,1,0
fairleigh-dickinson,massachusetts,REG,84,85,0,1
fairleigh-dickinson,south-florida,REG,54,60,0,1
fairleigh-dickinson,robert-morris,REG,62,69,0,1
fairleigh-dickinson,saint-francis-pa,REG,79,61,1,0
fairleigh-dickinson,central-connecticut-state,REG,96,103,0,1
fairleigh-dickinson,wagner,REG,60,66,0,1
fairleigh-dickinson,long-island-university,REG,77,79,0,1
fairleigh-dickinson,mount-st-marys,REG,87,69,1,0
fairleigh-dickinson,st-francis-ny,REG,60,58,1,0
fairleigh-dickinson,bryant,REG,78,63,1,0
fairleigh-dickinson,long-island-university,REG,80,77,1,0
fairleigh-dickinson,robert-morris,REG,97,94,1,0
fairleigh-dickinson,sacred-heart,REG,63,69,0,1
fairleigh-dickinson,st-francis-ny,REG,84,73,1,0
fairleigh-dickinson,saint-francis-pa,REG,62,87,0,1
fairleigh-dickinson,bryant,REG,97,84,1,0
fairleigh-dickinson,sacred-heart,REG,81,63,1,0
fairleigh-dickinson,wagner,REG,74,66,1,0
fairleigh-dickinson,mount-st-marys,REG,65,59,1,0
fairleigh-dickinson,central-connecticut-state,REG,70,58,1,0
fairleigh-dickinson,wagner,CTOURN,84,46,1,0
fairleigh-dickinson,robert-morris,CTOURN,66,62,1,0
fairleigh-dickinson,saint-francis-pa,CTOURN,85,76,1,0
florida-state,florida,REG,81,60,1,0
florida-state,tulane,REG,80,69,1,0
florida-state,canisius,REG,93,61,1,0
florida-state,alabama-birmingham,REG,81,63,1,0
florida-state,louisiana-state,REG,79,76,1,0
florida-state,villanova,REG,60,66,0,1
florida-state,purdue,REG,73,72,1,0
florida-state,troy,REG,83,67,1,0
florida-state,connecticut,REG,79,71,1,0
florida-state,southeast-missouri-state,REG,85,68,1,0
florida-state,north-florida,REG,95,81,1,0
florida-state,saint-louis,REG,81,59,1,0
florida-state,winthrop,REG,87,76,1,0
florida-state,virginia,REG,52,65,0,1
florida-state,miami-fl,REG,68,62,1,0
florida-state,duke,REG,78,80,0,1
florida-state,pittsburgh,REG,62,75,0,1
florida-state,boston-college,REG,82,87,0,1
florida-state,clemson,REG,77,68,1,0
florida-state,miami-fl,REG,78,66,1,0
florida-state,georgia-tech,REG,59,49,1,0
florida-state,syracuse,REG,80,62,1,0
florida-state,louisville,REG,80,75,1,0
florida-state,wake-forest,REG,88,66,1,0
florida-state,georgia-tech,REG,69,47,1,0
florida-state,clemson,REG,77,64,1,0
florida-state,north-carolina,REG,59,77,0,1
florida-state,notre-dame,REG,68,61,1,0
florida-state,north-carolina-state,REG,78,73,1,0
florida-state,virginia-tech,REG,73,64,1,0
florida-state,wake-forest,REG,65,57,1,0
florida-state,virginia-tech,CTOURN,65,63,1,0
florida-state,virginia,CTOURN,69,59,1,0
florida-state,duke,CTOURN,63,73,0,1
florida,florida-state,REG,60,81,0,1
florida,charleston-southern,REG,76,46,1,0
florida,la-salle,REG,82,69,1,0
florida,oklahoma,REG,60,65,0,1
florida,stanford,REG,72,49,1,0
florida,butler,REG,54,61,0,1
florida,north-florida,REG,98,66,1,0
florida,west-virginia,REG,66,56,1,0
florida,michigan-state,REG,59,63,0,1
florida,mercer,REG,71,63,1,0
florida,florida-gulf-coast,REG,77,56,1,0
florida,butler,REG,77,43,1,0
florida,south-carolina,REG,69,71,0,1
florida,arkansas,REG,57,51,1,0
florida,tennessee,REG,67,78,0,1
florida,mississippi-state,REG,68,71,0,1
florida,georgia,REG,62,52,1,0
florida,texas-am,REG,81,72,1,0
florida,texas-christian,REG,50,55,0,1
florida,mississippi,REG,90,86,1,0
florida,kentucky,REG,54,65,0,1
florida,auburn,REG,62,76,0,1
florida,tennessee,REG,61,73,0,1
florida,vanderbilt,REG,66,57,1,0
florida,alabama,REG,71,53,1,0
florida,louisiana-state,REG,82,77,1,0
florida,missouri,REG,64,60,1,0
florida,vanderbilt,REG,71,55,1,0
florida,georgia,REG,55,61,0,1
florida,louisiana-state,REG,78,79,0,1
florida,kentucky,REG,57,66,0,1
florida,arkansas,CTOURN,66,50,1,0
florida,louisiana-state,CTOURN,76,73,1,0
florida,auburn,CTOURN,62,65,0,1
gardner-webb,virginia-commonwealth,REG,57,69,0,1
gardner-webb,virginia-tech,REG,59,87,0,1
gardner-webb,furman,REG,86,88,0,1
gardner-webb,savannah-state,REG,97,77,1,0
gardner-webb,eastern-illinois,REG,78,79,0,1
gardner-webb,north-carolina-wilmington,REG,81,72,1,0
gardner-webb,arkansas-state,REG,69,77,0,1
gardner-webb,south-carolina-upstate,REG,74,61,1,0
gardner-webb,savannah-state,REG,97,60,1,0
gardner-webb,bob-jones-university,REG,105,37,1,0
gardner-webb,johnson-&-wales-(nc),REG,102,55,1,0
gardner-webb,kennesaw-state,REG,81,77,1,0
gardner-webb,georgia-tech,REG,79,69,1,0
gardner-webb,brevard,REG,106,29,1,0
gardner-webb,wake-forest,REG,73,69,1,0
gardner-webb,campbell,REG,61,72,0,1
gardner-webb,south-carolina-upstate,REG,64,59,1,0
gardner-webb,radford,REG,58,75,0,1
gardner-webb,hampton,REG,87,74,1,0
gardner-webb,winthrop,REG,88,97,0,1
gardner-webb,charleston-southern,REG,60,74,0,1
gardner-webb,high-point,REG,69,67,1,0
gardner-webb,north-carolina-asheville,REG,82,81,1,0
gardner-webb,longwood,REG,89,88,1,0
gardner-webb,presbyterian,REG,101,103,0,1
gardner-webb,charleston-southern,REG,77,74,1,0
gardner-webb,winthrop,REG,64,60,1,0
gardner-webb,north-carolina-asheville,REG,65,55,1,0
gardner-webb,high-point,REG,79,87,0,1
gardner-webb,presbyterian,REG,78,70,1,0
gardner-webb,longwood,REG,66,47,1,0
gardner-webb,high-point,CTOURN,75,69,1,0
gardner-webb,campbell,CTOURN,79,74,1,0
gardner-webb,radford,CTOURN,76,65,1,0
georgia-state,east-tennessee-state,REG,74,68,1,0
georgia-state,montana,REG,74,81,0,1
georgia-state,mercer,REG,62,60,1,0
georgia-state,st-bonaventure,REG,75,65,1,0
georgia-state,creighton,REG,68,93,0,1
georgia-state,georgia,REG,91,67,1,0
georgia-state,tulane,REG,80,76,1,0
georgia-state,liberty,REG,52,78,0,1
georgia-state,alabama,REG,83,80,1,0
georgia-state,chattanooga,REG,95,88,1,0
georgia-state,kansas-state,REG,59,71,0,1
georgia-state,north-carolina-wilmington,REG,86,71,1,0
georgia-state,middle-georgia-state,REG,117,69,1,0
georgia-state,texas-arlington,REG,63,58,1,0
georgia-state,texas-state,REG,73,69,1,0
georgia-state,louisiana-lafayette,REG,89,76,1,0
georgia-state,louisiana-monroe,REG,74,73,1,0
georgia-state,south-alabama,REG,69,66,1,0
georgia-state,troy,REG,75,77,0,1
georgia-state,texas-state,REG,68,81,0,1
georgia-state,texas-arlington,REG,77,71,1,0
georgia-state,georgia-southern,REG,81,72,1,0
georgia-state,louisiana-monroe,REG,76,82,0,1
georgia-state,louisiana-lafayette,REG,72,76,0,1
georgia-state,troy,REG,77,63,1,0
georgia-state,south-alabama,REG,90,81,1,0
georgia-state,appalachian-state,REG,80,75,1,0
georgia-state,coastal-carolina,REG,82,95,0,1
georgia-state,arkansas-state,REG,76,60,1,0
georgia-state,arkansas-little-rock,REG,83,70,1,0
georgia-state,georgia-southern,REG,90,85,1,0
georgia-state,texas-state,CTOURN,59,46,1,0
georgia-state,texas-arlington,CTOURN,73,64,1,0
gonzaga,idaho-state,REG,120,79,1,0
gonzaga,texas-southern,REG,104,67,1,0
gonzaga,texas-am,REG,94,71,1,0
gonzaga,illinois,REG,84,78,1,0
gonzaga,arizona,REG,91,74,1,0
gonzaga,duke,REG,89,87,1,0
gonzaga,north-dakota-state,REG,102,60,1,0
gonzaga,creighton,REG,103,92,1,0
gonzaga,washington,REG,81,79,1,0
gonzaga,tennessee,REG,73,76,0,1
gonzaga,north-carolina,REG,90,103,0,1
gonzaga,texas-arlington,REG,89,55,1,0
gonzaga,denver,REG,101,40,1,0
gonzaga,north-alabama,REG,96,51,1,0
gonzaga,cal-state-bakersfield,REG,89,54,1,0
gonzaga,santa-clara,REG,91,48,1,0
gonzaga,pacific,REG,67,36,1,0
gonzaga,san-francisco,REG,96,83,1,0
gonzaga,loyola-marymount,REG,73,55,1,0
gonzaga,portland,REG,89,66,1,0
gonzaga,santa-clara,REG,98,39,1,0
gonzaga,brigham-young,REG,93,63,1,0
gonzaga,san-diego,REG,85,69,1,0
gonzaga,san-francisco,REG,92,62,1,0
gonzaga,saint-marys-ca,REG,94,46,1,0
gonzaga,loyola-marymount,REG,73,60,1,0
gonzaga,san-diego,REG,79,67,1,0
gonzaga,pepperdine,REG,92,64,1,0
gonzaga,brigham-young,REG,102,68,1,0
gonzaga,pacific,REG,86,66,1,0
gonzaga,saint-marys-ca,REG,69,55,1,0
gonzaga,pepperdine,CTOURN,100,74,1,0
gonzaga,saint-marys-ca,CTOURN,47,60,0,1
houston,alabama-am,REG,101,54,1,0
houston,rice,REG,79,68,1,0
houston,northwestern-state,REG,82,55,1,0
houston,brigham-young,REG,76,62,1,0
houston,texas-pan-american,REG,58,53,1,0
houston,oregon,REG,65,61,1,0
houston,lamar,REG,79,56,1,0
houston,oklahoma-state,REG,63,53,1,0
houston,louisiana-state,REG,82,76,1,0
houston,saint-louis,REG,68,64,1,0
houston,utah-state,REG,60,50,1,0
houston,coppin-state,REG,75,44,1,0
houston,njit,REG,80,59,1,0
houston,tulsa,REG,74,56,1,0
houston,memphis,REG,90,77,1,0
houston,temple,REG,69,73,0,1
houston,wichita-state,REG,79,70,1,0
houston,southern-methodist,REG,69,58,1,0
houston,south-florida,REG,69,60,1,0
houston,east-carolina,REG,94,50,1,0
houston,tulsa,REG,77,65,1,0
houston,temple,REG,73,66,1,0
houston,central-florida,REG,77,68,1,0
houston,cincinnati,REG,65,58,1,0
houston,connecticut,REG,71,63,1,0
houston,tulane,REG,85,50,1,0
houston,south-florida,REG,71,59,1,0
houston,east-carolina,REG,99,65,1,0
houston,central-florida,REG,64,69,0,1
houston,southern-methodist,REG,90,79,1,0
houston,cincinnati,REG,85,69,1,0
houston,connecticut,CTOURN,84,45,1,0
houston,memphis,CTOURN,61,58,1,0
houston,cincinnati,CTOURN,57,69,0,1
iona,albany-ny,REG,72,68,1,0
iona,new-mexico,REG,83,90,0,1
iona,long-beach-state,REG,85,86,0,1
iona,hartford,REG,80,75,1,0
iona,providence,REG,79,91,0,1
iona,ohio,REG,65,89,0,1
iona,virginia-commonwealth,REG,59,88,0,1
iona,columbia,REG,71,74,0,1
iona,princeton,REG,81,85,0,1
iona,yale,REG,84,99,0,1
iona,holy-cross,REG,71,78,0,1
iona,monmouth,REG,103,84,1,0
iona,fairfield,REG,94,87,1,0
iona,niagara,REG,90,95,0,1
iona,canisius,REG,88,70,1,0
iona,marist,REG,90,77,1,0
iona,monmouth,REG,81,83,0,1
iona,rider,REG,77,71,1,0
iona,fairfield,REG,68,80,0,1
iona,marist,REG,74,78,0,1
iona,siena,REG,54,56,0,1
iona,quinnipiac,REG,65,66,0,1
iona,niagara,REG,79,76,1,0
iona,siena,REG,57,52,1,0
iona,saint-peters,REG,62,46,1,0
iona,quinnipiac,REG,81,77,1,0
iona,manhattan,REG,66,52,1,0
iona,canisius,REG,87,80,1,0
iona,rider,REG,86,79,1,0
iona,saint-peters,CTOURN,73,71,1,0
iona,siena,CTOURN,73,57,1,0
iona,monmouth,CTOURN,81,60,1,0
iowa-state,alabama-state,REG,79,53,1,0
iowa-state,missouri,REG,76,59,1,0
iowa-state,texas-southern,REG,85,73,1,0
iowa-state,arizona,REG,66,71,0,1
iowa-state,illinois,REG,84,68,1,0
iowa-state,san-diego-state,REG,87,57,1,0
iowa-state,nebraska-omaha,REG,82,55,1,0
iowa-state,north-dakota-state,REG,81,59,1,0
iowa-state,iowa,REG,84,98,0,1
iowa-state,southern,REG,101,65,1,0
iowa-state,drake,REG,77,68,1,0
iowa-state,eastern-illinois,REG,101,53,1,0
iowa-state,oklahoma-state,REG,69,63,1,0
iowa-state,kansas,REG,77,60,1,0
iowa-state,baylor,REG,70,73,0,1
iowa-state,kansas-state,REG,57,58,0,1
iowa-state,texas-tech,REG,68,64,1,0
iowa-state,oklahoma-state,REG,72,59,1,0
iowa-state,kansas,REG,76,80,0,1
iowa-state,mississippi,REG,87,73,1,0
iowa-state,west-virginia,REG,93,68,1,0
iowa-state,texas,REG,65,60,1,0
iowa-state,oklahoma,REG,75,74,1,0
iowa-state,texas-christian,REG,83,92,0,1
iowa-state,kansas-state,REG,78,64,1,0
iowa-state,baylor,REG,69,73,0,1
iowa-state,texas-christian,REG,72,75,0,1
iowa-state,oklahoma,REG,78,61,1,0
iowa-state,texas,REG,69,86,0,1
iowa-state,west-virginia,REG,75,90,0,1
iowa-state,texas-tech,REG,73,80,0,1
iowa-state,baylor,CTOURN,83,66,1,0
iowa-state,kansas-state,CTOURN,63,59,1,0
iowa-state,kansas,CTOURN,78,66,1,0
iowa,missouri-kansas-city,REG,77,63,1,0
iowa,green-bay,REG,93,82,1,0
iowa,oregon,REG,77,69,1,0
iowa,connecticut,REG,91,72,1,0
iowa,alabama-state,REG,105,78,1,0
iowa,pittsburgh,REG,69,68,1,0
iowa,wisconsin,REG,66,72,0,1
iowa,michigan-state,REG,68,90,0,1
iowa,iowa-state,REG,98,84,1,0
iowa,northern-iowa,REG,77,54,1,0
iowa,western-carolina,REG,78,60,1,0
iowa,savannah-state,REG,110,64,1,0
iowa,bryant,REG,72,67,1,0
iowa,purdue,REG,70,86,0,1
iowa,nebraska,REG,93,84,1,0
iowa,northwestern,REG,73,63,1,0
iowa,ohio-state,REG,72,62,1,0
iowa,penn-state,REG,89,82,1,0
iowa,illinois,REG,95,71,1,0
iowa,michigan-state,REG,67,82,0,1
iowa,minnesota,REG,87,92,0,1
iowa,michigan,REG,74,59,1,0
iowa,indiana,REG,77,72,1,0
iowa,northwestern,REG,80,79,1,0
iowa,rutgers,REG,71,69,1,0
iowa,maryland,REG,65,66,0,1
iowa,indiana,REG,76,70,1,0
iowa,ohio-state,REG,70,90,0,1
iowa,rutgers,REG,72,86,0,1
iowa,wisconsin,REG,45,65,0,1
iowa,nebraska,REG,91,93,0,1
iowa,illinois,CTOURN,83,62,1,0
iowa,michigan,CTOURN,53,74,0,1
kansas-state,kennesaw-state,REG,56,41,1,0
kansas-state,denver,REG,64,56,1,0
kansas-state,eastern-kentucky,REG,95,68,1,0
kansas-state,pennsylvania,REG,64,48,1,0
kansas-state,missouri,REG,82,67,1,0
kansas-state,lehigh,REG,77,58,1,0
kansas-state,marquette,REG,71,83,0,1
kansas-state,tulsa,REG,46,47,0,1
kansas-state,georgia-state,REG,71,59,1,0
kansas-state,southern-mississippi,REG,55,51,1,0
kansas-state,vanderbilt,REG,69,58,1,0
kansas-state,george-mason,REG,59,58,1,0
kansas-state,texas,REG,47,67,0,1
kansas-state,texas-tech,REG,57,63,0,1
kansas-state,west-virginia,REG,71,69,1,0
kansas-state,iowa-state,REG,58,57,1,0
kansas-state,oklahoma,REG,74,61,1,0
kansas-state,texas-christian,REG,65,55,1,0
kansas-state,texas-tech,REG,58,45,1,0
kansas-state,texas-am,REG,53,65,0,1
kansas-state,oklahoma-state,REG,75,57,1,0
kansas-state,kansas,REG,74,67,1,0
kansas-state,baylor,REG,70,63,1,0
kansas-state,texas,REG,71,64,1,0
kansas-state,iowa-state,REG,64,78,0,1
kansas-state,west-virginia,REG,65,51,1,0
kansas-state,oklahoma-state,REG,85,46,1,0
kansas-state,kansas,REG,49,64,0,1
kansas-state,baylor,REG,66,60,1,0
kansas-state,texas-christian,REG,64,52,1,0
kansas-state,oklahoma,REG,68,53,1,0
kansas-state,texas-christian,CTOURN,70,61,1,0
kansas-state,iowa-state,CTOURN,59,63,0,1
kansas,michigan-state,REG,92,87,1,0
kansas,vermont,REG,84,68,1,0
kansas,louisiana-lafayette,REG,89,76,1,0
kansas,marquette,REG,77,68,1,0
kansas,tennessee,REG,87,81,1,0
kansas,stanford,REG,90,84,1,0
kansas,wofford,REG,72,47,1,0
kansas,new-mexico-state,REG,63,60,1,0
kansas,villanova,REG,74,71,1,0
kansas,south-dakota,REG,89,53,1,0
kansas,arizona-state,REG,76,80,0,1
kansas,eastern-michigan,REG,87,63,1,0
kansas,oklahoma,REG,70,63,1,0
kansas,iowa-state,REG,60,77,0,1
kansas,texas-christian,REG,77,68,1,0
kansas,baylor,REG,73,68,1,0
kansas,texas,REG,80,78,1,0
kansas,west-virginia,REG,64,65,0,1
kansas,iowa-state,REG,80,76,1,0
kansas,kentucky,REG,63,71,0,1
kansas,texas,REG,63,73,0,1
kansas,texas-tech,REG,79,63,1,0
kansas,kansas-state,REG,67,74,0,1
kansas,oklahoma-state,REG,84,72,1,0
kansas,texas-christian,REG,82,77,1,0
kansas,west-virginia,REG,78,53,1,0
kansas,texas-tech,REG,62,91,0,1
kansas,kansas-state,REG,64,49,1,0
kansas,oklahoma-state,REG,72,67,1,0
kansas,oklahoma,REG,68,81,0,1
kansas,baylor,REG,78,70,1,0
kansas,texas,CTOURN,65,57,1,0
kansas,west-virginia,CTOURN,88,74,1,0
kansas,iowa-state,CTOURN,66,78,0,1
kentucky,duke,REG,84,118,0,1
kentucky,southern-illinois,REG,71,59,1,0
kentucky,north-dakota,REG,96,58,1,0
kentucky,virginia-military-institute,REG,92,82,1,0
kentucky,winthrop,REG,87,74,1,0
kentucky,tennessee-state,REG,77,62,1,0
kentucky,monmouth,REG,90,44,1,0
kentucky,north-carolina-greensboro,REG,78,61,1,0
kentucky,seton-hall,REG,83,84,0,1
kentucky,utah,REG,88,61,1,0
kentucky,north-carolina,REG,80,72,1,0
kentucky,louisville,REG,71,58,1,0
kentucky,alabama,REG,75,77,0,1
kentucky,texas-am,REG,85,74,1,0
kentucky,vanderbilt,REG,56,47,1,0
kentucky,georgia,REG,69,49,1,0
kentucky,auburn,REG,82,80,1,0
kentucky,mississippi-state,REG,76,55,1,0
kentucky,kansas,REG,71,63,1,0
kentucky,vanderbilt,REG,87,52,1,0
kentucky,florida,REG,65,54,1,0
kentucky,south-carolina,REG,76,48,1,0
kentucky,mississippi-state,REG,71,67,1,0
kentucky,louisiana-state,REG,71,73,0,1
kentucky,tennessee,REG,86,69,1,0
kentucky,missouri,REG,66,58,1,0
kentucky,auburn,REG,80,53,1,0
kentucky,arkansas,REG,70,66,1,0
kentucky,tennessee,REG,52,71,0,1
kentucky,mississippi,REG,80,76,1,0
kentucky,florida,REG,66,57,1,0
kentucky,alabama,CTOURN,73,55,1,0
kentucky,tennessee,CTOURN,78,82,0,1
liberty,maine-fort-kent,REG,89,40,1,0
liberty,trevecca-nazarene,REG,93,40,1,0
liberty,kent-state,REG,77,70,1,0
liberty,vanderbilt,REG,70,79,0,1
liberty,alcorn-state,REG,76,54,1,0
liberty,savannah-state,REG,82,56,1,0
liberty,navy,REG,76,58,1,0
liberty,georgia-state,REG,78,52,1,0
liberty,georgetown,REG,78,88,0,1
liberty,south-carolina-state,REG,79,55,1,0
liberty,kentucky-christian,REG,96,55,1,0
liberty,alabama,REG,75,84,0,1
liberty,alabama-state,REG,73,55,1,0
liberty,austin-peay,REG,66,75,0,1
liberty,ucla,REG,73,58,1,0
liberty,florida-gulf-coast,REG,81,63,1,0
liberty,stetson,REG,71,53,1,0
liberty,jacksonville,REG,69,53,1,0
liberty,kennesaw-state,REG,62,41,1,0
liberty,north-florida,REG,70,64,1,0
liberty,north-alabama,REG,72,47,1,0
liberty,jacksonville,REG,69,59,1,0
liberty,lipscomb,REG,59,79,0,1
liberty,njit,REG,77,57,1,0
liberty,stetson,REG,57,54,1,0
liberty,florida-gulf-coast,REG,74,67,1,0
liberty,lipscomb,REG,74,66,1,0
liberty,north-alabama,REG,80,70,1,0
liberty,north-florida,REG,70,75,0,1
liberty,kennesaw-state,REG,76,59,1,0
liberty,njit,REG,57,51,1,0
liberty,jacksonville,CTOURN,72,58,1,0
liberty,north-florida,CTOURN,71,63,1,0
liberty,lipscomb,CTOURN,74,68,1,0
louisiana-state,southeastern-louisiana,REG,94,63,1,0
louisiana-state,north-carolina-greensboro,REG,97,91,1,0
louisiana-state,memphis,REG,85,76,1,0
louisiana-state,louisiana-tech,REG,74,67,1,0
louisiana-state,college-of-charleston,REG,67,55,1,0
louisiana-state,florida-state,REG,76,79,0,1
louisiana-state,oklahoma-state,REG,77,90,0,1
louisiana-state,grambling,REG,78,57,1,0
louisiana-state,incarnate-word,REG,91,50,1,0
louisiana-state,houston,REG,76,82,0,1
louisiana-state,saint-marys-ca,REG,78,74,1,0
louisiana-state,furman,REG,75,57,1,0
louisiana-state,louisiana-monroe,REG,81,69,1,0
louisiana-state,alabama,REG,88,79,1,0
louisiana-state,arkansas,REG,94,88,1,0
louisiana-state,mississippi,REG,83,69,1,0
louisiana-state,south-carolina,REG,89,67,1,0
louisiana-state,georgia,REG,92,82,1,0
louisiana-state,missouri,REG,86,80,1,0
louisiana-state,texas-am,REG,72,57,1,0
louisiana-state,arkansas,REG,89,90,0,1
louisiana-state,mississippi-state,REG,92,88,1,0
louisiana-state,auburn,REG,83,78,1,0
louisiana-state,kentucky,REG,73,71,1,0
louisiana-state,georgia,REG,83,79,1,0
louisiana-state,florida,REG,77,82,0,1
louisiana-state,tennessee,REG,82,80,1,0
louisiana-state,texas-am,REG,66,55,1,0
louisiana-state,alabama,REG,74,69,1,0
louisiana-state,florida,REG,79,78,1,0
louisiana-state,vanderbilt,REG,80,59,1,0
louisiana-state,florida,CTOURN,73,76,0,1
louisville,nicholls-state,REG,85,72,1,0
louisville,southern,REG,104,54,1,0
louisville,vermont,REG,86,78,1,0
louisville,tennessee,REG,81,92,0,1
louisville,marquette,REG,74,77,0,1
louisville,michigan-state,REG,82,78,1,0
louisville,seton-hall,REG,70,65,1,0
louisville,central-arkansas,REG,86,41,1,0
louisville,indiana,REG,67,68,0,1
louisville,lipscomb,REG,72,68,1,0
louisville,kent-state,REG,83,70,1,0
louisville,robert-morris,REG,73,59,1,0
louisville,kentucky,REG,58,71,0,1
louisville,miami-fl,REG,90,73,1,0
louisville,pittsburgh,REG,86,89,0,1
louisville,north-carolina,REG,83,62,1,0
louisville,boston-college,REG,80,70,1,0
louisville,georgia-tech,REG,79,51,1,0
louisville,north-carolina-state,REG,84,77,1,0
louisville,pittsburgh,REG,66,51,1,0
louisville,wake-forest,REG,82,54,1,0
louisville,north-carolina,REG,69,79,0,1
louisville,virginia-tech,REG,72,64,1,0
louisville,florida-state,REG,75,80,0,1
louisville,duke,REG,69,71,0,1
louisville,clemson,REG,56,55,1,0
louisville,syracuse,REG,49,69,0,1
louisville,virginia,REG,52,64,0,1
louisville,boston-college,REG,59,66,0,1
louisville,notre-dame,REG,75,61,1,0
louisville,virginia,REG,68,73,0,1
louisville,notre-dame,CTOURN,75,53,1,0
louisville,north-carolina,CTOURN,70,83,0,1
marquette,maryland-baltimore-county,REG,67,42,1,0
marquette,bethune-cookman,REG,92,59,1,0
marquette,indiana,REG,73,96,0,1
marquette,presbyterian,REG,74,55,1,0
marquette,kansas,REG,68,77,0,1
marquette,louisville,REG,77,74,1,0
marquette,charleston-southern,REG,76,55,1,0
marquette,kansas-state,REG,83,71,1,0
marquette,texas-el-paso,REG,76,69,1,0
marquette,wisconsin,REG,74,69,1,0
marquette,north-dakota,REG,92,66,1,0
marquette,buffalo,REG,103,85,1,0
marquette,southern,REG,84,41,1,0
marquette,st-johns-ny,REG,69,89,0,1
marquette,xavier,REG,70,52,1,0
marquette,creighton,REG,106,104,1,0
marquette,seton-hall,REG,70,66,1,0
marquette,georgetown,REG,74,71,1,0
marquette,providence,REG,79,68,1,0
marquette,depaul,REG,79,69,1,0
marquette,xavier,REG,87,82,1,0
marquette,butler,REG,76,58,1,0
marquette,st-johns-ny,REG,69,70,0,1
marquette,villanova,REG,66,65,1,0
marquette,depaul,REG,92,73,1,0
marquette,butler,REG,79,69,1,0
marquette,providence,REG,76,58,1,0
marquette,villanova,REG,61,67,0,1
marquette,creighton,REG,60,66,0,1
marquette,seton-hall,REG,64,73,0,1
marquette,georgetown,REG,84,86,0,1
marquette,st-johns-ny,CTOURN,86,54,1,0
marquette,seton-hall,CTOURN,79,81,0,1
maryland,delaware,REG,73,67,1,0
maryland,navy,REG,78,57,1,0
maryland,north-carolina-at,REG,82,59,1,0
maryland,hofstra,REG,80,69,1,0
maryland,mount-st-marys,REG,92,77,1,0
maryland,marshall,REG,104,67,1,0
maryland,virginia,REG,71,76,0,1
maryland,penn-state,REG,66,59,1,0
maryland,purdue,REG,60,62,0,1
maryland,loyola-il,REG,55,41,1,0
maryland,loyola-md,REG,94,71,1,0
maryland,seton-hall,REG,74,78,0,1
maryland,radford,REG,78,64,1,0
maryland,nebraska,REG,74,72,1,0
maryland,rutgers,REG,77,63,1,0
maryland,minnesota,REG,82,67,1,0
maryland,indiana,REG,78,75,1,0
maryland,wisconsin,REG,64,60,1,0
maryland,ohio-state,REG,75,61,1,0
maryland,michigan-state,REG,55,69,0,1
maryland,illinois,REG,67,78,0,1
maryland,northwestern,REG,70,52,1,0
maryland,wisconsin,REG,61,69,0,1
maryland,nebraska,REG,60,45,1,0
maryland,purdue,REG,70,56,1,0
maryland,michigan,REG,52,65,0,1
maryland,iowa,REG,66,65,1,0
maryland,ohio-state,REG,72,62,1,0
maryland,penn-state,REG,61,78,0,1
maryland,michigan,REG,62,69,0,1
maryland,minnesota,REG,69,60,1,0
maryland,nebraska,CTOURN,61,69,0,1
michigan-state,kansas,REG,87,92,0,1
michigan-state,florida-gulf-coast,REG,106,82,1,0
michigan-state,louisiana-monroe,REG,80,59,1,0
michigan-state,tennessee-tech,REG,101,33,1,0
michigan-state,ucla,REG,87,67,1,0
michigan-state,texas,REG,78,68,1,0
michigan-state,louisville,REG,78,82,0,1
michigan-state,rutgers,REG,78,67,1,0
michigan-state,iowa,REG,90,68,1,0
michigan-state,florida,REG,63,59,1,0
michigan-state,green-bay,REG,104,83,1,0
michigan-state,oakland,REG,99,69,1,0
michigan-state,northern-illinois,REG,88,60,1,0
michigan-state,northwestern,REG,81,55,1,0
michigan-state,ohio-state,REG,86,77,1,0
michigan-state,purdue,REG,77,59,1,0
michigan-state,penn-state,REG,71,56,1,0
michigan-state,nebraska,REG,70,64,1,0
michigan-state,maryland,REG,69,55,1,0
michigan-state,iowa,REG,82,67,1,0
michigan-state,purdue,REG,63,73,0,1
michigan-state,indiana,REG,75,79,0,1
michigan-state,illinois,REG,74,79,0,1
michigan-state,minnesota,REG,79,55,1,0
michigan-state,wisconsin,REG,67,59,1,0
michigan-state,ohio-state,REG,62,44,1,0
michigan-state,rutgers,REG,71,60,1,0
michigan-state,michigan,REG,77,70,1,0
michigan-state,indiana,REG,62,63,0,1
michigan-state,nebraska,REG,91,76,1,0
michigan-state,michigan,REG,75,63,1,0
michigan-state,ohio-state,CTOURN,77,70,1,0
michigan-state,wisconsin,CTOURN,67,55,1,0
michigan-state,michigan,CTOURN,65,60,1,0
michigan,norfolk-state,REG,63,44,1,0
michigan,holy-cross,REG,56,37,1,0
michigan,villanova,REG,73,46,1,0
michigan,george-washington,REG,84,61,1,0
michigan,providence,REG,66,47,1,0
michigan,chattanooga,REG,83,55,1,0
michigan,north-carolina,REG,84,67,1,0
michigan,purdue,REG,76,57,1,0
michigan,northwestern,REG,62,60,1,0
michigan,south-carolina,REG,89,78,1,0
michigan,western-michigan,REG,70,62,1,0
michigan,air-force,REG,71,50,1,0
michigan,binghamton,REG,74,52,1,0
michigan,penn-state,REG,68,55,1,0
michigan,indiana,REG,74,63,1,0
michigan,illinois,REG,79,69,1,0
michigan,northwestern,REG,80,60,1,0
michigan,wisconsin,REG,54,64,0,1
michigan,minnesota,REG,59,57,1,0
michigan,indiana,REG,69,46,1,0
michigan,ohio-state,REG,65,49,1,0
michigan,iowa,REG,59,74,0,1
michigan,rutgers,REG,77,65,1,0
michigan,wisconsin,REG,61,52,1,0
michigan,penn-state,REG,69,75,0,1
michigan,maryland,REG,65,52,1,0
michigan,minnesota,REG,69,60,1,0
michigan,michigan-state,REG,70,77,0,1
michigan,nebraska,REG,82,53,1,0
michigan,maryland,REG,69,62,1,0
michigan,michigan-state,REG,63,75,0,1
michigan,iowa,CTOURN,74,53,1,0
michigan,minnesota,CTOURN,76,49,1,0
michigan,michigan-state,CTOURN,60,65,0,1
minnesota,nebraska-omaha,REG,104,76,1,0
minnesota,utah,REG,78,69,1,0
minnesota,texas-am,REG,69,64,1,0
minnesota,santa-clara,REG,80,66,1,0
minnesota,washington,REG,68,66,1,0
minnesota,boston-college,REG,56,68,0,1
minnesota,oklahoma-state,REG,83,76,1,0
minnesota,ohio-state,REG,59,79,0,1
minnesota,nebraska,REG,85,78,1,0
minnesota,arkansas-state,REG,72,56,1,0
minnesota,north-florida,REG,80,71,1,0
minnesota,north-carolina-at,REG,86,67,1,0
minnesota,mount-st-marys,REG,71,53,1,0
minnesota,wisconsin,REG,59,52,1,0
minnesota,maryland,REG,67,82,0,1
minnesota,rutgers,REG,88,70,1,0
minnesota,illinois,REG,68,95,0,1
minnesota,penn-state,REG,65,64,1,0
minnesota,michigan,REG,57,59,0,1
minnesota,iowa,REG,92,87,1,0
minnesota,illinois,REG,86,75,1,0
minnesota,purdue,REG,63,73,0,1
minnesota,wisconsin,REG,51,56,0,1
minnesota,michigan-state,REG,55,79,0,1
minnesota,nebraska,REG,61,62,0,1
minnesota,indiana,REG,84,63,1,0
minnesota,michigan,REG,60,69,0,1
minnesota,rutgers,REG,64,68,0,1
minnesota,northwestern,REG,62,50,1,0
minnesota,purdue,REG,73,69,1,0
minnesota,maryland,REG,60,69,0,1
minnesota,penn-state,CTOURN,77,72,1,0
minnesota,purdue,CTOURN,75,73,1,0
minnesota,michigan,CTOURN,49,76,0,1
mississippi-state,austin-peay,REG,95,67,1,0
mississippi-state,hartford,REG,77,59,1,0
mississippi-state,long-beach-state,REG,79,51,1,0
mississippi-state,arizona-state,REG,67,72,0,1
mississippi-state,saint-marys-ca,REG,61,57,1,0
mississippi-state,alcorn-state,REG,88,65,1,0
mississippi-state,dayton,REG,65,58,1,0
mississippi-state,mcneese-state,REG,90,77,1,0
mississippi-state,clemson,REG,82,71,1,0
mississippi-state,cincinnati,REG,70,59,1,0
mississippi-state,wofford,REG,98,87,1,0
mississippi-state,wright-state,REG,67,63,1,0
mississippi-state,brigham-young,REG,103,81,1,0
mississippi-state,south-carolina,REG,82,87,0,1
mississippi-state,mississippi,REG,77,81,0,1
mississippi-state,florida,REG,71,68,1,0
mississippi-state,vanderbilt,REG,71,55,1,0
mississippi-state,kentucky,REG,55,76,0,1
mississippi-state,auburn,REG,92,84,1,0
mississippi-state,alabama,REG,79,83,0,1
mississippi-state,mississippi,REG,81,75,1,0
mississippi-state,louisiana-state,REG,88,92,0,1
mississippi-state,kentucky,REG,67,71,0,1
mississippi-state,alabama,REG,81,62,1,0
mississippi-state,arkansas,REG,77,67,1,0
mississippi-state,georgia,REG,68,67,1,0
mississippi-state,south-carolina,REG,76,61,1,0
mississippi-state,missouri,REG,68,49,1,0
mississippi-state,auburn,REG,75,80,0,1
mississippi-state,tennessee,REG,54,71,0,1
mississippi-state,texas-am,REG,92,81,1,0
mississippi-state,texas-am,CTOURN,80,54,1,0
mississippi-state,tennessee,CTOURN,76,83,0,1
mississippi,western-michigan,REG,90,64,1,0
mississippi,butler,REG,76,83,0,1
mississippi,nicholls-state,REG,75,55,1,0
mississippi,baylor,REG,78,70,1,0
mississippi,cincinnati,REG,57,71,0,1
mississippi,san-diego,REG,93,86,1,0
mississippi,louisiana-monroe,REG,83,60,1,0
mississippi,illinois-state,REG,81,74,1,0
mississippi,southeastern-louisiana,REG,69,47,1,0
mississippi,chattanooga,REG,90,70,1,0
mississippi,middle-tennessee,REG,74,56,1,0
mississippi,florida-gulf-coast,REG,87,57,1,0
mississippi,vanderbilt,REG,81,71,1,0
mississippi,auburn,REG,82,67,1,0
mississippi,mississippi-state,REG,81,77,1,0
mississippi,louisiana-state,REG,69,83,0,1
mississippi,arkansas,REG,84,67,1,0
mississippi,alabama,REG,53,74,0,1
mississippi,iowa-state,REG,73,87,0,1
mississippi,florida,REG,86,90,0,1
mississippi,mississippi-state,REG,75,81,0,1
mississippi,texas-am,REG,75,71,1,0
mississippi,georgia,REG,80,64,1,0
mississippi,auburn,REG,60,55,1,0
mississippi,missouri,REG,75,65,1,0
mississippi,south-carolina,REG,64,79,0,1
mississippi,georgia,REG,72,71,1,0
mississippi,tennessee,REG,71,73,0,1
mississippi,arkansas,REG,73,74,0,1
mississippi,kentucky,REG,76,80,0,1
mississippi,missouri,REG,73,68,1,0
mississippi,alabama,CTOURN,57,62,0,1
montana,georgia-state,REG,81,74,1,0
montana,montana-tech,REG,79,55,1,0
montana,incarnate-word,REG,93,66,1,0
montana,miami-oh,REG,73,71,1,0
montana,georgia-southern,REG,77,80,0,1
montana,creighton,REG,72,98,0,1
montana,college-of-idaho,REG,80,52,1,0
montana,california-irvine,REG,51,60,0,1
montana,north-dakota-state,REG,60,53,1,0
montana,arizona,REG,42,61,0,1
montana,south-dakota-state,REG,85,74,1,0
montana,northern-arizona,REG,86,73,1,0
montana,southern-utah,REG,89,76,1,0
montana,sacramento-state,REG,87,56,1,0
montana,portland-state,REG,74,77,0,1
montana,eastern-washington,REG,71,78,0,1
montana,northern-colorado,REG,88,64,1,0
montana,idaho,REG,69,51,1,0
montana,idaho-state,REG,80,69,1,0
montana,weber-state,REG,75,68,1,0
montana,montana-state,REG,83,78,1,0
montana,idaho,REG,100,59,1,0
montana,eastern-washington,REG,75,74,1,0
montana,weber-state,REG,83,80,1,0
montana,idaho-state,REG,80,68,1,0
montana,montana-state,REG,89,83,1,0
montana,northern-colorado,REG,72,74,0,1
montana,southern-utah,REG,70,54,1,0
montana,northern-arizona,REG,66,64,1,0
montana,portland-state,REG,69,81,0,1
montana,sacramento-state,REG,86,68,1,0
montana,sacramento-state,CTOURN,79,73,1,0
montana,weber-state,CTOURN,78,49,1,0
montana,eastern-washington,CTOURN,68,62,1,0
murray-state,wright-state,REG,73,54,1,0
murray-state,spalding,REG,106,36,1,0
murray-state,missouri-state,REG,77,66,1,0
murray-state,alabama,REG,72,78,0,1
murray-state,prairie-view,REG,83,67,1,0
murray-state,middle-tennessee,REG,64,42,1,0
murray-state,southern-illinois,REG,80,52,1,0
murray-state,jackson-state,REG,74,57,1,0
murray-state,evansville,REG,66,64,1,0
murray-state,auburn,REG,88,93,0,1
murray-state,bethel-(tn),REG,110,82,1,0
murray-state,morehead-state,REG,90,69,1,0
murray-state,eastern-kentucky,REG,97,85,1,0
murray-state,tennessee-martin,REG,98,77,1,0
murray-state,southeast-missouri-state,REG,85,67,1,0
murray-state,eastern-illinois,REG,83,61,1,0
murray-state,southern-illinois-edwardsville,REG,82,72,1,0
murray-state,belmont,REG,66,79,0,1
murray-state,tennessee-state,REG,100,62,1,0
murray-state,jacksonville-state,REG,68,88,0,1
murray-state,tennessee-tech,REG,67,63,1,0
murray-state,eastern-illinois,REG,86,75,1,0
murray-state,southern-illinois-edwardsville,REG,86,55,1,0
murray-state,austin-peay,REG,73,71,1,0
murray-state,eastern-kentucky,REG,102,70,1,0
murray-state,tennessee-martin,REG,85,75,1,0
murray-state,southeast-missouri-state,REG,103,67,1,0
murray-state,morehead-state,REG,71,52,1,0
murray-state,austin-peay,REG,94,83,1,0
murray-state,jacksonville-state,CTOURN,76,74,1,0
murray-state,belmont,CTOURN,77,65,1,0
nevada,brigham-young,REG,86,70,1,0
nevada,pacific,REG,83,61,1,0
nevada,arkansas-little-rock,REG,87,59,1,0
nevada,california-baptist,REG,90,55,1,0
nevada,tulsa,REG,96,86,1,0
nevada,massachusetts,REG,110,87,1,0
nevada,loyola-il,REG,79,65,1,0
nevada,southern-california,REG,73,61,1,0
nevada,arizona-state,REG,72,66,1,0
nevada,grand-canyon,REG,74,66,1,0
nevada,south-dakota-state,REG,72,68,1,0
nevada,akron,REG,68,62,1,0
nevada,utah,REG,86,71,1,0
nevada,utah-state,REG,72,49,1,0
nevada,new-mexico,REG,58,85,0,1
nevada,san-jose-state,REG,92,53,1,0
nevada,fresno-state,REG,74,64,1,0
nevada,boise-state,REG,72,71,1,0
nevada,air-force,REG,67,52,1,0
nevada,colorado-state,REG,100,60,1,0
nevada,nevada-las-vegas,REG,87,70,1,0
nevada,boise-state,REG,93,73,1,0
nevada,colorado-state,REG,98,82,1,0
nevada,new-mexico,REG,91,62,1,0
nevada,wyoming,REG,82,49,1,0
nevada,san-diego-state,REG,57,65,0,1
nevada,fresno-state,REG,74,68,1,0
nevada,nevada-las-vegas,REG,89,73,1,0
nevada,utah-state,REG,76,81,0,1
nevada,air-force,REG,90,79,1,0
nevada,san-diego-state,REG,81,53,1,0
nevada,boise-state,CTOURN,77,69,1,0
nevada,san-diego-state,CTOURN,56,65,0,1
new-mexico-state,north-dakota-state,REG,73,56,1,0
new-mexico-state,texas-el-paso,REG,96,69,1,0
new-mexico-state,saint-marys-ca,REG,58,73,0,1
new-mexico-state,new-mexico,REG,98,94,1,0
new-mexico-state,eastern-new-mexico,REG,92,65,1,0
new-mexico-state,texas-el-paso,REG,62,58,1,0
new-mexico-state,washington-state,REG,69,63,1,0
new-mexico-state,new-mexico,REG,100,65,1,0
new-mexico-state,kansas,REG,60,63,0,1
new-mexico-state,northern-colorado,REG,74,62,1,0
new-mexico-state,cal-state-northridge,REG,92,57,1,0
new-mexico-state,drake,REG,63,66,0,1
new-mexico-state,washington-state,REG,75,72,1,0
new-mexico-state,colorado-state,REG,88,68,1,0
new-mexico-state,california-baptist,REG,76,82,0,1
new-mexico-state,grand-canyon,REG,77,75,1,0
new-mexico-state,cal-state-bakersfield,REG,73,62,1,0
new-mexico-state,seattle,REG,87,60,1,0
new-mexico-state,utah-valley,REG,83,78,1,0
new-mexico-state,texas-pan-american,REG,63,61,1,0
new-mexico-state,missouri-kansas-city,REG,70,54,1,0
new-mexico-state,chicago-state,REG,83,39,1,0
new-mexico-state,cal-state-bakersfield,REG,71,70,1,0
new-mexico-state,grand-canyon,REG,67,64,1,0
new-mexico-state,utah-valley,REG,84,77,1,0
new-mexico-state,seattle,REG,59,53,1,0
new-mexico-state,texas-a&m-international,REG,80,42,1,0
new-mexico-state,texas-pan-american,REG,88,79,1,0
new-mexico-state,missouri-kansas-city,REG,75,55,1,0
new-mexico-state,chicago-state,REG,92,58,1,0
new-mexico-state,california-baptist,REG,75,63,1,0
new-mexico-state,chicago-state,CTOURN,86,49,1,0
new-mexico-state,texas-pan-american,CTOURN,79,72,1,0
new-mexico-state,grand-canyon,CTOURN,89,57,1,0
north-carolina-central,clemson,REG,51,71,0,1
north-carolina-central,cincinnati,REG,51,73,0,1
north-carolina-central,bowling-green-state,REG,60,75,0,1
north-carolina-central,warren-wilson,REG,123,57,1,0
north-carolina-central,george-mason,REG,63,78,0,1
north-carolina-central,nicholls-state,REG,63,77,0,1
north-carolina-central,southern,REG,83,71,1,0
north-carolina-central,christendom,REG,110,51,1,0
north-carolina-central,mcneese-state,REG,67,66,1,0
north-carolina-central,appalachian-state,REG,73,82,0,1
north-carolina-central,mcneese-state,REG,61,77,0,1
north-carolina-central,coastal-carolina,REG,65,69,0,1
north-carolina-central,saint-louis,REG,65,74,0,1
north-carolina-central,wilberforce,REG,91,44,1,0
north-carolina-central,bethune-cookman,REG,68,59,1,0
north-carolina-central,maryland-eastern-shore,REG,61,48,1,0
north-carolina-central,delaware-state,REG,71,70,1,0
north-carolina-central,coppin-state,REG,60,64,0,1
north-carolina-central,morgan-state,REG,92,64,1,0
north-carolina-central,north-carolina-at,REG,48,51,0,1
north-carolina-central,savannah-state,REG,82,78,1,0
north-carolina-central,bethune-cookman,REG,64,74,0,1
north-carolina-central,florida-am,REG,57,73,0,1
north-carolina-central,maryland-eastern-shore,REG,78,53,1,0
north-carolina-central,delaware-state,REG,87,52,1,0
north-carolina-central,norfolk-state,REG,71,75,0,1
north-carolina-central,howard,REG,98,90,1,0
north-carolina-central,savannah-state,REG,78,69,1,0
north-carolina-central,south-carolina-state,REG,72,62,1,0
north-carolina-central,north-carolina-at,REG,52,74,0,1
north-carolina-central,delaware-state,CTOURN,75,57,1,0
north-carolina-central,north-carolina-at,CTOURN,65,63,1,0
north-carolina-central,norfolk-state,CTOURN,50,47,1,0
north-carolina,wofford,REG,78,67,1,0
north-carolina,elon,REG,116,67,1,0
north-carolina,stanford,REG,90,72,1,0
north-carolina,tennessee-tech,REG,108,58,1,0
north-carolina,saint-francis-pa,REG,101,76,1,0
north-carolina,texas,REG,89,92,0,1
north-carolina,ucla,REG,94,78,1,0
north-carolina,michigan,REG,67,84,0,1
north-carolina,north-carolina-wilmington,REG,97,69,1,0
north-carolina,gonzaga,REG,103,90,1,0
north-carolina,kentucky,REG,72,80,0,1
north-carolina,davidson,REG,82,60,1,0
north-carolina,harvard,REG,77,57,1,0
north-carolina,pittsburgh,REG,85,60,1,0
north-carolina,north-carolina-state,REG,90,82,1,0
north-carolina,louisville,REG,62,83,0,1
north-carolina,notre-dame,REG,75,69,1,0
north-carolina,miami-fl,REG,85,76,1,0
north-carolina,virginia-tech,REG,103,82,1,0
north-carolina,georgia-tech,REG,77,54,1,0
north-carolina,louisville,REG,79,69,1,0
north-carolina,north-carolina-state,REG,113,96,1,0
north-carolina,miami-fl,REG,88,85,1,0
north-carolina,virginia,REG,61,69,0,1
north-carolina,wake-forest,REG,95,57,1,0
north-carolina,duke,REG,88,72,1,0
north-carolina,florida-state,REG,77,59,1,0
north-carolina,syracuse,REG,93,85,1,0
north-carolina,clemson,REG,81,79,1,0
north-carolina,boston-college,REG,79,66,1,0
north-carolina,duke,REG,79,70,1,0
north-carolina,louisville,CTOURN,83,70,1,0
north-carolina,duke,CTOURN,73,74,0,1
north-dakota-state,new-mexico-state,REG,56,73,0,1
north-dakota-state,california-santa-barbara,REG,82,63,1,0
north-dakota-state,miami-oh,REG,78,89,0,1
north-dakota-state,incarnate-word,REG,78,80,0,1
north-dakota-state,towson,REG,76,51,1,0
north-dakota-state,east-tennessee-state,REG,61,79,0,1
north-dakota-state,gonzaga,REG,60,102,0,1
north-dakota-state,drake,REG,88,95,0,1
north-dakota-state,iowa-state,REG,59,81,0,1
north-dakota-state,eastern-washington,REG,74,67,1,0
north-dakota-state,missouri-state,REG,74,67,1,0
north-dakota-state,montana,REG,53,60,0,1
north-dakota-state,northland,REG,90,43,1,0
north-dakota-state,south-dakota,REG,71,65,1,0
north-dakota-state,ipfw,REG,87,90,0,1
north-dakota-state,nebraska-omaha,REG,77,90,0,1
north-dakota-state,dickinson-state-(nd),REG,85,53,1,0
north-dakota-state,western-illinois,REG,85,69,1,0
north-dakota-state,denver,REG,65,80,0,1
north-dakota-state,north-dakota,REG,67,65,1,0
north-dakota-state,south-dakota-state,REG,69,87,0,1
north-dakota-state,oral-roberts,REG,67,57,1,0
north-dakota-state,western-illinois,REG,78,76,1,0
north-dakota-state,north-dakota,REG,74,70,1,0
north-dakota-state,denver,REG,81,71,1,0
north-dakota-state,oral-roberts,REG,85,73,1,0
north-dakota-state,south-dakota-state,REG,77,78,0,1
north-dakota-state,nebraska-omaha,REG,50,58,0,1
north-dakota-state,south-dakota,REG,65,75,0,1
north-dakota-state,ipfw,REG,69,66,1,0
north-dakota-state,oral-roberts,CTOURN,86,73,1,0
north-dakota-state,western-illinois,CTOURN,76,73,1,0
north-dakota-state,nebraska-omaha,CTOURN,73,63,1,0
northeastern,boston-university,REG,74,77,0,1
northeastern,harvard,REG,81,71,1,0
northeastern,alabama,REG,68,52,1,0
northeastern,virginia-tech,REG,60,88,0,1
northeastern,davidson,REG,59,71,0,1
northeastern,davidson,REG,69,78,0,1
northeastern,bucknell,REG,96,78,1,0
northeastern,eastern-michigan,REG,81,67,1,0
northeastern,syracuse,REG,49,72,0,1
northeastern,oakland,REG,92,83,1,0
northeastern,vermont,REG,70,75,0,1
northeastern,st-bonaventure,REG,64,59,1,0
northeastern,drexel,REG,93,83,1,0
northeastern,delaware,REG,80,82,0,1
northeastern,hofstra,REG,72,75,0,1
northeastern,elon,REG,81,70,1,0
northeastern,william-mary,REG,90,70,1,0
northeastern,college-of-charleston,REG,69,60,1,0
northeastern,north-carolina-wilmington,REG,88,71,1,0
northeastern,towson,REG,72,75,0,1
northeastern,james-madison,REG,78,68,1,0
northeastern,hofstra,REG,75,61,1,0
northeastern,william-mary,REG,72,60,1,0
northeastern,elon,REG,72,60,1,0
northeastern,north-carolina-wilmington,REG,81,77,1,0
northeastern,college-of-charleston,REG,79,88,0,1
northeastern,james-madison,REG,76,60,1,0
northeastern,towson,REG,73,58,1,0
northeastern,delaware,REG,75,64,1,0
northeastern,drexel,REG,90,66,1,0
northeastern,north-carolina-wilmington,CTOURN,80,59,1,0
northeastern,college-of-charleston,CTOURN,70,67,1,0
northeastern,hofstra,CTOURN,82,74,1,0
northern-kentucky,wilmington-(oh),REG,102,38,1,0
northern-kentucky,northern-illinois,REG,88,85,1,0
northern-kentucky,wabash,REG,99,59,1,0
northern-kentucky,north-carolina-asheville,REG,77,50,1,0
northern-kentucky,manhattan,REG,59,53,1,0
northern-kentucky,coastal-carolina,REG,89,83,1,0
northern-kentucky,central-florida,REG,53,66,0,1
northern-kentucky,morehead-state,REG,93,71,1,0
northern-kentucky,maryland-baltimore-county,REG,78,60,1,0
northern-kentucky,cincinnati,REG,65,78,0,1
northern-kentucky,eastern-kentucky,REG,74,76,0,1
northern-kentucky,miami-oh,REG,72,66,1,0
northern-kentucky,northern-illinois,REG,65,62,1,0
northern-kentucky,iupui,REG,92,77,1,0
northern-kentucky,illinois-chicago,REG,73,58,1,0
northern-kentucky,oakland,REG,74,76,0,1
northern-kentucky,detroit-mercy,REG,95,73,1,0
northern-kentucky,wright-state,REG,68,64,1,0
northern-kentucky,cleveland-state,REG,91,76,1,0
northern-kentucky,youngstown-state,REG,82,74,1,0
northern-kentucky,green-bay,REG,87,65,1,0
northern-kentucky,milwaukee,REG,73,60,1,0
northern-kentucky,iupui,REG,77,83,0,1
northern-kentucky,illinois-chicago,REG,67,69,0,1
northern-kentucky,detroit-mercy,REG,97,65,1,0
northern-kentucky,oakland,REG,79,64,1,0
northern-kentucky,wright-state,REG,77,81,0,1
northern-kentucky,youngstown-state,REG,76,69,1,0
northern-kentucky,cleveland-state,REG,77,83,0,1
northern-kentucky,milwaukee,REG,65,55,1,0
northern-kentucky,green-bay,REG,86,82,1,0
northern-kentucky,detroit-mercy,CTOURN,99,88,1,0
northern-kentucky,oakland,CTOURN,64,63,1,0
northern-kentucky,wright-state,CTOURN,77,66,1,0
ohio-state,cincinnati,REG,64,56,1,0
ohio-state,ipfw,REG,107,61,1,0
ohio-state,creighton,REG,69,60,1,0
ohio-state,south-carolina-state,REG,89,61,1,0
ohio-state,samford,REG,68,50,1,0
ohio-state,cleveland-state,REG,89,62,1,0
ohio-state,syracuse,REG,62,72,0,1
ohio-state,minnesota,REG,79,59,1,0
ohio-state,illinois,REG,77,67,1,0
ohio-state,bucknell,REG,73,71,1,0
ohio-state,youngstown-state,REG,75,56,1,0
ohio-state,ucla,REG,80,66,1,0
ohio-state,high-point,REG,82,64,1,0
ohio-state,michigan-state,REG,77,86,0,1
ohio-state,rutgers,REG,61,64,0,1
ohio-state,iowa,REG,62,72,0,1
ohio-state,maryland,REG,61,75,0,1
ohio-state,purdue,REG,67,79,0,1
ohio-state,nebraska,REG,70,60,1,0
ohio-state,michigan,REG,49,65,0,1
ohio-state,rutgers,REG,76,62,1,0
ohio-state,penn-state,REG,74,70,1,0
ohio-state,indiana,REG,55,52,1,0
ohio-state,illinois,REG,56,63,0,1
ohio-state,michigan-state,REG,44,62,0,1
ohio-state,northwestern,REG,63,49,1,0
ohio-state,maryland,REG,62,72,0,1
ohio-state,iowa,REG,90,70,1,0
ohio-state,purdue,REG,51,86,0,1
ohio-state,northwestern,REG,50,68,0,1
ohio-state,wisconsin,REG,67,73,0,1
ohio-state,indiana,CTOURN,79,75,1,0
ohio-state,michigan-state,CTOURN,70,77,0,1
oklahoma,texas-pan-american,REG,91,76,1,0
oklahoma,texas-san-antonio,REG,87,67,1,0
oklahoma,wofford,REG,75,64,1,0
oklahoma,florida,REG,65,60,1,0
oklahoma,wisconsin,REG,58,78,0,1
oklahoma,dayton,REG,65,54,1,0
oklahoma,north-texas,REG,73,57,1,0
oklahoma,notre-dame,REG,85,80,1,0
oklahoma,wichita-state,REG,80,48,1,0
oklahoma,southern-california,REG,81,70,1,0
oklahoma,creighton,REG,83,70,1,0
oklahoma,northwestern,REG,76,69,1,0
oklahoma,kansas,REG,63,70,0,1
oklahoma,oklahoma-state,REG,74,64,1,0
oklahoma,texas-tech,REG,59,66,0,1
oklahoma,texas-christian,REG,76,74,1,0
oklahoma,kansas-state,REG,61,74,0,1
oklahoma,texas,REG,72,75,0,1
oklahoma,oklahoma-state,REG,70,61,1,0
oklahoma,vanderbilt,REG,86,55,1,0
oklahoma,baylor,REG,47,77,0,1
oklahoma,west-virginia,REG,71,79,0,1
oklahoma,iowa-state,REG,74,75,0,1
oklahoma,texas-tech,REG,54,66,0,1
oklahoma,baylor,REG,53,59,0,1
oklahoma,texas-christian,REG,71,62,1,0
oklahoma,texas,REG,69,67,1,0
oklahoma,iowa-state,REG,61,78,0,1
oklahoma,west-virginia,REG,92,80,1,0
oklahoma,kansas,REG,81,68,1,0
oklahoma,kansas-state,REG,53,68,0,1
oklahoma,west-virginia,CTOURN,71,72,0,1
old-dominion,navy,REG,67,44,1,0
old-dominion,saint-josephs,REG,64,79,0,1
old-dominion,oregon-state,REG,56,61,0,1
old-dominion,kennesaw-state,REG,65,47,1,0
old-dominion,northern-iowa,REG,53,54,0,1
old-dominion,northern-iowa,REG,72,65,1,0
old-dominion,virginia-commonwealth,REG,62,52,1,0
old-dominion,james-madison,REG,67,42,1,0
old-dominion,william-mary,REG,71,53,1,0
old-dominion,fairfield,REG,79,69,1,0
old-dominion,syracuse,REG,68,62,1,0
old-dominion,richmond,REG,63,54,1,0
old-dominion,morgan-state,REG,76,53,1,0
old-dominion,marshall,REG,67,70,0,1
old-dominion,western-kentucky,REG,69,66,1,0
old-dominion,florida-atlantic,REG,73,80,0,1
old-dominion,florida-international,REG,75,74,1,0
old-dominion,louisiana-tech,REG,64,63,1,0
old-dominion,southern-mississippi,REG,78,60,1,0
old-dominion,charlotte,REG,76,70,1,0
old-dominion,texas-el-paso,REG,50,48,1,0
old-dominion,texas-san-antonio,REG,73,74,0,1
old-dominion,north-texas,REG,72,61,1,0
old-dominion,rice,REG,80,76,1,0
old-dominion,alabama-birmingham,REG,70,59,1,0
old-dominion,middle-tennessee,REG,55,50,1,0
old-dominion,charlotte,REG,73,60,1,0
old-dominion,western-kentucky,REG,67,63,1,0
old-dominion,texas-san-antonio,REG,65,64,1,0
old-dominion,southern-mississippi,REG,52,59,0,1
old-dominion,alabama-birmingham,REG,50,64,0,1
old-dominion,louisiana-tech,CTOURN,57,56,1,0
old-dominion,alabama-birmingham,CTOURN,61,59,1,0
old-dominion,western-kentucky,CTOURN,62,56,1,0
oregon,portland-state,REG,84,57,1,0
oregon,eastern-washington,REG,81,47,1,0
oregon,iowa,REG,69,77,0,1
oregon,syracuse,REG,80,65,1,0
oregon,green-bay,REG,83,72,1,0
oregon,texas-southern,REG,84,89,0,1
oregon,houston,REG,61,65,0,1
oregon,nebraska-omaha,REG,84,61,1,0
oregon,san-diego,REG,65,55,1,0
oregon,boise-state,REG,66,54,1,0
oregon,florida-am,REG,71,64,1,0
oregon,baylor,REG,47,57,0,1
oregon,boise-state,REG,62,50,1,0
oregon,oregon-state,REG,72,77,0,1
oregon,ucla,REG,84,87,0,1
oregon,southern-california,REG,81,60,1,0
oregon,arizona,REG,59,54,1,0
oregon,arizona-state,REG,64,78,0,1
oregon,washington,REG,56,61,0,1
oregon,washington-state,REG,78,58,1,0
oregon,utah,REG,78,72,1,0
oregon,colorado,REG,51,73,0,1
oregon,california,REG,73,62,1,0
oregon,stanford,REG,69,46,1,0
oregon,oregon-state,REG,57,72,0,1
oregon,southern-california,REG,49,66,0,1
oregon,ucla,REG,83,90,0,1
oregon,arizona-state,REG,79,51,1,0
oregon,arizona,REG,73,47,1,0
oregon,washington-state,REG,72,61,1,0
oregon,washington,REG,55,47,1,0
oregon,washington-state,CTOURN,84,51,1,0
oregon,utah,CTOURN,66,54,1,0
oregon,arizona-state,CTOURN,79,75,1,0
oregon,washington,CTOURN,68,48,1,0
prairie-view,santa-clara,REG,81,64,1,0
prairie-view,baylor,REG,80,91,0,1
prairie-view,texas-pan-american,REG,57,70,0,1
prairie-view,lamar,REG,67,74,0,1
prairie-view,north-carolina-greensboro,REG,66,74,0,1
prairie-view,east-carolina,REG,64,76,0,1
prairie-view,georgia-tech,REG,54,65,0,1
prairie-view,murray-state,REG,67,83,0,1
prairie-view,louisiana-tech,REG,68,82,0,1
prairie-view,louisiana-lafayette,REG,90,122,0,1
prairie-view,seattle,REG,64,102,0,1
prairie-view,winthrop,REG,62,76,0,1
prairie-view,huston-tillotson,REG,81,65,1,0
prairie-view,southern,REG,82,73,1,0
prairie-view,alcorn-state,REG,57,54,1,0
prairie-view,texas-southern,REG,79,73,1,0
prairie-view,jackson-state,REG,55,51,1,0
prairie-view,grambling,REG,83,66,1,0
prairie-view,mississippi-valley-state,REG,89,78,1,0
prairie-view,arkansas-pine-bluff,REG,79,63,1,0
prairie-view,alabama-am,REG,81,65,1,0
prairie-view,alabama-state,REG,69,67,1,0
prairie-view,texas-southern,REG,90,95,0,1
prairie-view,jackson-state,REG,79,66,1,0
prairie-view,grambling,REG,92,87,1,0
prairie-view,mississippi-valley-state,REG,69,63,1,0
prairie-view,arkansas-pine-bluff,REG,48,44,1,0
prairie-view,alabama-am,REG,72,65,1,0
prairie-view,alabama-state,REG,96,69,1,0
prairie-view,southern,REG,73,55,1,0
prairie-view,alcorn-state,REG,98,64,1,0
prairie-view,alcorn-state,CTOURN,86,66,1,0
prairie-view,grambling,CTOURN,81,71,1,0
prairie-view,texas-southern,CTOURN,92,86,1,0
purdue,fairfield,REG,90,57,1,0
purdue,ball-state,REG,84,75,1,0
purdue,appalachian-state,REG,92,70,1,0
purdue,davidson,REG,79,58,1,0
purdue,virginia-tech,REG,83,89,0,1
purdue,robert-morris,REG,84,46,1,0
purdue,florida-state,REG,72,73,0,1
purdue,michigan,REG,57,76,0,1
purdue,maryland,REG,62,60,1,0
purdue,texas,REG,68,72,0,1
purdue,notre-dame,REG,80,88,0,1
purdue,ohio,REG,95,67,1,0
purdue,belmont,REG,73,62,1,0
purdue,iowa,REG,86,70,1,0
purdue,michigan-state,REG,59,77,0,1
purdue,wisconsin,REG,84,80,1,0
purdue,rutgers,REG,89,54,1,0
purdue,indiana,REG,70,55,1,0
purdue,ohio-state,REG,79,67,1,0
purdue,michigan-state,REG,73,63,1,0
purdue,penn-state,REG,99,90,1,0
purdue,minnesota,REG,73,63,1,0
purdue,nebraska,REG,81,62,1,0
purdue,maryland,REG,56,70,0,1
purdue,penn-state,REG,76,64,1,0
purdue,indiana,REG,48,46,1,0
purdue,nebraska,REG,75,72,1,0
purdue,illinois,REG,73,56,1,0
purdue,ohio-state,REG,86,51,1,0
purdue,minnesota,REG,69,73,0,1
purdue,northwestern,REG,70,57,1,0
purdue,minnesota,CTOURN,73,75,0,1
saint-louis,southeast-missouri-state,REG,75,65,1,0
saint-louis,troy,REG,62,58,1,0
saint-louis,north-alabama,REG,69,58,1,0
saint-louis,seton-hall,REG,66,64,1,0
saint-louis,pittsburgh,REG,73,75,0,1
saint-louis,central-arkansas,REG,73,61,1,0
saint-louis,butler,REG,64,52,1,0
saint-louis,southern-illinois,REG,56,61,0,1
saint-louis,oregon-state,REG,65,61,1,0
saint-louis,houston,REG,64,68,0,1
saint-louis,north-carolina-central,REG,74,65,1,0
saint-louis,florida-state,REG,59,81,0,1
saint-louis,appalachian-state,REG,83,55,1,0
saint-louis,rhode-island,REG,60,53,1,0
saint-louis,massachusetts,REG,65,62,1,0
saint-louis,la-salle,REG,71,64,1,0
saint-louis,fordham,REG,63,60,1,0
saint-louis,saint-josephs,REG,68,57,1,0
saint-louis,duquesne,REG,73,77,0,1
saint-louis,davidson,REG,53,54,0,1
saint-louis,richmond,REG,81,84,0,1
saint-louis,rhode-island,REG,54,65,0,1
saint-louis,dayton,REG,73,60,1,0
saint-louis,saint-josephs,REG,61,91,0,1
saint-louis,george-washington,REG,73,58,1,0
saint-louis,la-salle,REG,62,49,1,0
saint-louis,dayton,REG,62,70,0,1
saint-louis,virginia-commonwealth,REG,65,71,0,1
saint-louis,george-mason,REG,81,71,1,0
saint-louis,duquesne,REG,85,75,1,0
saint-louis,st-bonaventure,REG,57,66,0,1
saint-louis,richmond,CTOURN,71,68,1,0
saint-louis,dayton,CTOURN,64,55,1,0
saint-louis,davidson,CTOURN,67,44,1,0
saint-louis,st-bonaventure,CTOURN,55,53,1,0
saint-marys-ca,mcneese-state,REG,87,65,1,0
saint-marys-ca,utah-valley,REG,92,63,1,0
saint-marys-ca,new-mexico-state,REG,73,58,1,0
saint-marys-ca,utah-state,REG,63,80,0,1
saint-marys-ca,mississippi-state,REG,57,61,0,1
saint-marys-ca,harvard,REG,68,74,0,1
saint-marys-ca,california-irvine,REG,75,80,0,1
saint-marys-ca,california,REG,84,71,1,0
saint-marys-ca,bethune-cookman,REG,93,61,1,0
saint-marys-ca,new-mexico,REG,85,60,1,0
saint-marys-ca,cal-state-fullerton,REG,81,66,1,0
saint-marys-ca,louisiana-state,REG,74,78,0,1
saint-marys-ca,bucknell,REG,85,56,1,0
saint-marys-ca,western-kentucky,REG,68,71,0,1
saint-marys-ca,san-jose-state,REG,75,45,1,0
saint-marys-ca,san-francisco,REG,72,76,0,1
saint-marys-ca,brigham-young,REG,88,66,1,0
saint-marys-ca,loyola-marymount,REG,71,60,1,0
saint-marys-ca,santa-clara,REG,75,55,1,0
saint-marys-ca,san-diego,REG,76,59,1,0
saint-marys-ca,brigham-young,REG,66,71,0,1
saint-marys-ca,pepperdine,REG,77,84,0,1
saint-marys-ca,san-francisco,REG,86,80,1,0
saint-marys-ca,pacific,REG,78,66,1,0
saint-marys-ca,gonzaga,REG,46,94,0,1
saint-marys-ca,santa-clara,REG,66,55,1,0
saint-marys-ca,pepperdine,REG,72,65,1,0
saint-marys-ca,pacific,REG,58,32,1,0
saint-marys-ca,san-diego,REG,66,46,1,0
saint-marys-ca,portland,REG,65,48,1,0
saint-marys-ca,gonzaga,REG,55,69,0,1
saint-marys-ca,san-diego,CTOURN,69,62,1,0
saint-marys-ca,gonzaga,CTOURN,60,47,1,0
seton-hall,wagner,REG,89,49,1,0
seton-hall,nebraska,REG,57,80,0,1
seton-hall,saint-louis,REG,64,66,0,1
seton-hall,grand-canyon,REG,82,75,1,0
seton-hall,hawaii,REG,64,54,1,0
seton-hall,miami-fl,REG,83,81,1,0
seton-hall,louisville,REG,65,70,0,1
seton-hall,new-hampshire,REG,77,57,1,0
seton-hall,kentucky,REG,84,83,1,0
seton-hall,rutgers,REG,72,66,1,0
seton-hall,sacred-heart,REG,90,76,1,0
seton-hall,maryland,REG,78,74,1,0
seton-hall,st-johns-ny,REG,76,74,1,0
seton-hall,xavier,REG,80,70,1,0
seton-hall,depaul,REG,74,75,0,1
seton-hall,butler,REG,76,75,1,0
seton-hall,marquette,REG,66,70,0,1
seton-hall,providence,REG,63,72,0,1
seton-hall,depaul,REG,93,97,0,1
seton-hall,villanova,REG,52,80,0,1
seton-hall,providence,REG,65,63,1,0
seton-hall,butler,REG,68,70,0,1
seton-hall,creighton,REG,63,58,1,0
seton-hall,georgetown,REG,90,75,1,0
seton-hall,creighton,REG,81,75,1,0
seton-hall,xavier,REG,69,70,0,1
seton-hall,st-johns-ny,REG,70,78,0,1
seton-hall,georgetown,REG,71,77,0,1
seton-hall,marquette,REG,73,64,1,0
seton-hall,villanova,REG,79,75,1,0
seton-hall,georgetown,CTOURN,73,57,1,0
seton-hall,marquette,CTOURN,81,79,1,0
seton-hall,villanova,CTOURN,72,74,0,1
st-johns-ny,loyola-md,REG,76,55,1,0
st-johns-ny,bowling-green-state,REG,84,80,1,0
st-johns-ny,rutgers,REG,84,65,1,0
st-johns-ny,california,REG,82,79,1,0
st-johns-ny,virginia-commonwealth,REG,87,86,1,0
st-johns-ny,maryland-eastern-shore,REG,85,64,1,0
st-johns-ny,georgia-tech,REG,76,73,1,0
st-johns-ny,mount-st-marys,REG,85,71,1,0
st-johns-ny,princeton,REG,89,74,1,0
st-johns-ny,wagner,REG,73,58,1,0
st-johns-ny,st-francis-ny,REG,86,52,1,0
st-johns-ny,sacred-heart,REG,104,82,1,0
st-johns-ny,seton-hall,REG,74,76,0,1
st-johns-ny,marquette,REG,89,69,1,0
st-johns-ny,georgetown,REG,97,94,1,0
st-johns-ny,villanova,REG,71,76,0,1
st-johns-ny,depaul,REG,71,79,0,1
st-johns-ny,creighton,REG,81,66,1,0
st-johns-ny,butler,REG,71,80,0,1
st-johns-ny,georgetown,REG,78,89,0,1
st-johns-ny,creighton,REG,83,67,1,0
st-johns-ny,duke,REG,61,91,0,1
st-johns-ny,marquette,REG,70,69,1,0
st-johns-ny,providence,REG,56,70,0,1
st-johns-ny,butler,REG,77,73,1,0
st-johns-ny,villanova,REG,71,65,1,0
st-johns-ny,providence,REG,59,78,0,1
st-johns-ny,seton-hall,REG,78,70,1,0
st-johns-ny,xavier,REG,73,84,0,1
st-johns-ny,depaul,REG,83,92,0,1
st-johns-ny,xavier,REG,68,81,0,1
st-johns-ny,depaul,CTOURN,82,74,1,0
st-johns-ny,marquette,CTOURN,54,86,0,1
syracuse,eastern-washington,REG,66,34,1,0
syracuse,morehead-state,REG,84,70,1,0
syracuse,connecticut,REG,76,83,0,1
syracuse,oregon,REG,65,80,0,1
syracuse,colgate,REG,77,56,1,0
syracuse,ohio-state,REG,72,62,1,0
syracuse,cornell,REG,63,55,1,0
syracuse,northeastern,REG,72,49,1,0
syracuse,georgetown,REG,72,71,1,0
syracuse,old-dominion,REG,62,68,0,1
syracuse,buffalo,REG,59,71,0,1
syracuse,arkansas-state,REG,82,52,1,0
syracuse,st-bonaventure,REG,81,48,1,0
syracuse,notre-dame,REG,72,62,1,0
syracuse,clemson,REG,61,53,1,0
syracuse,georgia-tech,REG,59,73,0,1
syracuse,duke,REG,95,91,1,0
syracuse,pittsburgh,REG,74,63,1,0
syracuse,miami-fl,REG,73,53,1,0
syracuse,virginia-tech,REG,56,78,0,1
syracuse,boston-college,REG,77,71,1,0
syracuse,pittsburgh,REG,65,56,1,0
syracuse,florida-state,REG,62,80,0,1
syracuse,boston-college,REG,67,56,1,0
syracuse,north-carolina-state,REG,58,73,0,1
syracuse,louisville,REG,69,49,1,0
syracuse,duke,REG,65,75,0,1
syracuse,north-carolina,REG,85,93,0,1
syracuse,wake-forest,REG,79,54,1,0
syracuse,virginia,REG,53,79,0,1
syracuse,clemson,REG,55,67,0,1
syracuse,pittsburgh,CTOURN,73,59,1,0
syracuse,duke,CTOURN,72,84,0,1
temple,la-salle,REG,75,67,1,0
temple,detroit-mercy,REG,83,67,1,0
temple,georgia,REG,81,77,1,0
temple,loyola-md,REG,81,67,1,0
temple,virginia-commonwealth,REG,51,57,0,1
temple,california,REG,76,59,1,0
temple,missouri,REG,79,77,1,0
temple,saint-josephs,REG,77,70,1,0
temple,villanova,REG,59,69,0,1
temple,massachusetts,REG,65,63,1,0
temple,davidson,REG,77,75,1,0
temple,drexel,REG,82,64,1,0
temple,central-florida,REG,73,78,0,1
temple,wichita-state,REG,85,81,1,0
temple,houston,REG,73,69,1,0
temple,south-florida,REG,82,80,1,0
temple,east-carolina,REG,85,74,1,0
temple,pennsylvania,REG,70,77,0,1
temple,memphis,REG,85,76,1,0
temple,cincinnati,REG,68,72,0,1
temple,houston,REG,66,73,0,1
temple,tulane,REG,75,67,1,0
temple,connecticut,REG,81,63,1,0
temple,tulsa,REG,58,76,0,1
temple,southern-methodist,REG,82,74,1,0
temple,south-florida,REG,70,69,1,0
temple,tulsa,REG,84,73,1,0
temple,memphis,REG,73,81,0,1
temple,tulane,REG,80,69,1,0
temple,connecticut,REG,78,71,1,0
temple,central-florida,REG,67,62,1,0
temple,wichita-state,CTOURN,74,80,0,1
tennessee,lenoir-rhyne,REG,86,41,1,0
tennessee,louisiana-lafayette,REG,87,65,1,0
tennessee,georgia-tech,REG,66,53,1,0
tennessee,louisville,REG,92,81,1,0
tennessee,kansas,REG,81,87,0,1
tennessee,eastern-kentucky,REG,95,67,1,0
tennessee,texas-am-corpus-christi,REG,79,51,1,0
tennessee,gonzaga,REG,76,73,1,0
tennessee,memphis,REG,102,92,1,0
tennessee,samford,REG,83,70,1,0
tennessee,wake-forest,REG,83,64,1,0
tennessee,tennessee-tech,REG,96,53,1,0
tennessee,georgia,REG,96,50,1,0
tennessee,missouri,REG,87,63,1,0
tennessee,florida,REG,78,67,1,0
tennessee,arkansas,REG,106,87,1,0
tennessee,alabama,REG,71,68,1,0
tennessee,vanderbilt,REG,88,83,1,0
tennessee,west-virginia,REG,83,66,1,0
tennessee,south-carolina,REG,92,70,1,0
tennessee,texas-am,REG,93,76,1,0
tennessee,missouri,REG,72,60,1,0
tennessee,florida,REG,73,61,1,0
tennessee,south-carolina,REG,85,73,1,0
tennessee,kentucky,REG,69,86,0,1
tennessee,vanderbilt,REG,58,46,1,0
tennessee,louisiana-state,REG,80,82,0,1
tennessee,mississippi,REG,73,71,1,0
tennessee,kentucky,REG,71,52,1,0
tennessee,mississippi-state,REG,71,54,1,0
tennessee,auburn,REG,80,84,0,1
tennessee,mississippi-state,CTOURN,83,76,1,0
tennessee,kentucky,CTOURN,82,78,1,0
tennessee,auburn,CTOURN,64,84,0,1
texas-tech,incarnate-word,REG,87,37,1,0
texas-tech,mississippi-valley-state,REG,84,52,1,0
texas-tech,southeastern-louisiana,REG,59,40,1,0
texas-tech,southern-california,REG,78,63,1,0
texas-tech,nebraska,REG,70,52,1,0
texas-tech,northern-colorado,REG,93,62,1,0
texas-tech,memphis,REG,78,67,1,0
texas-tech,arkansas-pine-bluff,REG,65,47,1,0
texas-tech,northwestern-state,REG,79,44,1,0
texas-tech,abilene-christian,REG,82,48,1,0
texas-tech,duke,REG,58,69,0,1
texas-tech,texas-pan-american,REG,71,46,1,0
texas-tech,west-virginia,REG,62,59,1,0
texas-tech,kansas-state,REG,63,57,1,0
texas-tech,oklahoma,REG,66,59,1,0
texas-tech,texas,REG,68,62,1,0
texas-tech,iowa-state,REG,64,68,0,1
texas-tech,baylor,REG,62,73,0,1
texas-tech,kansas-state,REG,45,58,0,1
texas-tech,arkansas,REG,67,64,1,0
texas-tech,texas-christian,REG,84,65,1,0
texas-tech,kansas,REG,63,79,0,1
texas-tech,west-virginia,REG,81,50,1,0
texas-tech,oklahoma,REG,66,54,1,0
texas-tech,oklahoma-state,REG,78,50,1,0
texas-tech,baylor,REG,86,61,1,0
texas-tech,kansas,REG,91,62,1,0
texas-tech,oklahoma-state,REG,84,80,1,0
texas-tech,texas-christian,REG,81,66,1,0
texas-tech,texas,REG,70,51,1,0
texas-tech,iowa-state,REG,80,73,1,0
texas-tech,west-virginia,CTOURN,74,79,0,1
utah-state,montana-state,REG,101,71,1,0
utah-state,hartford,REG,100,73,1,0
utah-state,mississippi-valley-state,REG,94,59,1,0
utah-state,utah-valley,REG,65,46,1,0
utah-state,saint-marys-ca,REG,80,63,1,0
utah-state,arizona-state,REG,82,87,0,1
utah-state,northern-iowa,REG,71,52,1,0
utah-state,california-irvine,REG,89,65,1,0
utah-state,brigham-young,REG,80,95,0,1
utah-state,weber-state,REG,76,67,1,0
utah-state,alabama-state,REG,86,48,1,0
utah-state,houston,REG,50,60,0,1
utah-state,eastern-oregon,REG,84,57,1,0
utah-state,nevada,REG,49,72,0,1
utah-state,air-force,REG,79,62,1,0
utah-state,fresno-state,REG,77,78,0,1
utah-state,wyoming,REG,71,55,1,0
utah-state,san-jose-state,REG,81,63,1,0
utah-state,colorado-state,REG,87,72,1,0
utah-state,new-mexico,REG,68,66,1,0
utah-state,san-jose-state,REG,103,73,1,0
utah-state,nevada-las-vegas,REG,82,65,1,0
utah-state,fresno-state,REG,82,81,1,0
utah-state,san-diego-state,REG,63,68,0,1
utah-state,wyoming,REG,76,59,1,0
utah-state,air-force,REG,76,62,1,0
utah-state,new-mexico,REG,71,55,1,0
utah-state,boise-state,REG,78,71,1,0
utah-state,san-diego-state,REG,70,54,1,0
utah-state,nevada,REG,81,76,1,0
utah-state,colorado-state,REG,100,96,1,0
utah-state,new-mexico,CTOURN,91,83,1,0
utah-state,fresno-state,CTOURN,85,60,1,0
utah-state,san-diego-state,CTOURN,64,57,1,0
vermont,boston-university,REG,78,72,1,0
vermont,kansas,REG,68,84,0,1
vermont,lyndon-state,REG,122,56,1,0
vermont,louisville,REG,78,86,0,1
vermont,yale,REG,79,70,1,0
vermont,bucknell,REG,61,69,0,1
vermont,george-washington,REG,69,53,1,0
vermont,towson,REG,70,64,1,0
vermont,george-mason,REG,72,67,1,0
vermont,harvard,REG,71,65,1,0
vermont,northeastern,REG,75,70,1,0
vermont,st-bonaventure,REG,83,76,1,0
vermont,lipscomb,REG,66,91,0,1
vermont,dartmouth,REG,73,59,1,0
vermont,albany-ny,REG,80,51,1,0
vermont,maine,REG,73,49,1,0
vermont,hartford,REG,81,62,1,0
vermont,new-hampshire,REG,73,59,1,0
vermont,binghamton,REG,78,50,1,0
vermont,maryland-baltimore-county,REG,61,74,0,1
vermont,stony-brook,REG,73,52,1,0
vermont,massachusetts-lowell,REG,74,65,1,0
vermont,maine,REG,86,63,1,0
vermont,albany-ny,REG,67,49,1,0
vermont,new-hampshire,REG,73,44,1,0
vermont,hartford,REG,77,75,1,0
vermont,maryland-baltimore-county,REG,56,65,0,1
vermont,binghamton,REG,69,63,1,0
vermont,stony-brook,REG,56,50,1,0
vermont,massachusetts-lowell,REG,74,57,1,0
vermont,maine,CTOURN,73,57,1,0
vermont,binghamton,CTOURN,84,51,1,0
vermont,maryland-baltimore-county,CTOURN,66,49,1,0
villanova,morgan-state,REG,100,77,1,0
villanova,quinnipiac,REG,86,53,1,0
villanova,michigan,REG,46,73,0,1
villanova,furman,REG,68,76,0,1
villanova,canisius,REG,83,56,1,0
villanova,oklahoma-state,REG,77,58,1,0
villanova,florida-state,REG,66,60,1,0
villanova,la-salle,REG,85,78,1,0
villanova,temple,REG,69,59,1,0
villanova,saint-josephs,REG,70,58,1,0
villanova,pennsylvania,REG,75,78,0,1
villanova,kansas,REG,71,74,0,1
villanova,connecticut,REG,81,58,1,0
villanova,depaul,REG,73,68,1,0
villanova,providence,REG,65,59,1,0
villanova,st-johns-ny,REG,76,71,1,0
villanova,creighton,REG,90,78,1,0
villanova,xavier,REG,85,75,1,0
villanova,butler,REG,80,72,1,0
villanova,seton-hall,REG,80,52,1,0
villanova,depaul,REG,86,74,1,0
villanova,georgetown,REG,77,65,1,0
villanova,creighton,REG,66,59,1,0
villanova,marquette,REG,65,66,0,1
villanova,providence,REG,85,67,1,0
villanova,st-johns-ny,REG,65,71,0,1
villanova,georgetown,REG,73,85,0,1
villanova,xavier,REG,54,66,0,1
villanova,marquette,REG,67,61,1,0
villanova,butler,REG,75,54,1,0
villanova,seton-hall,REG,75,79,0,1
villanova,providence,CTOURN,73,62,1,0
villanova,xavier,CTOURN,71,67,1,0
villanova,seton-hall,CTOURN,74,72,1,0
virginia-commonwealth,gardner-webb,REG,69,57,1,0
virginia-commonwealth,hampton,REG,69,57,1,0
virginia-commonwealth,bowling-green-state,REG,72,61,1,0
virginia-commonwealth,temple,REG,57,51,1,0
virginia-commonwealth,st-johns-ny,REG,86,87,0,1
virginia-commonwealth,hofstra,REG,69,67,1,0
virginia-commonwealth,old-dominion,REG,52,62,0,1
virginia-commonwealth,iona,REG,88,59,1,0
virginia-commonwealth,texas,REG,54,53,1,0
virginia-commonwealth,virginia,REG,49,57,0,1
virginia-commonwealth,college-of-charleston,REG,79,83,0,1
virginia-commonwealth,wichita-state,REG,70,54,1,0
virginia-commonwealth,rider,REG,90,79,1,0
virginia-commonwealth,fordham,REG,76,51,1,0
virginia-commonwealth,la-salle,REG,69,63,1,0
virginia-commonwealth,davidson,REG,57,64,0,1
virginia-commonwealth,dayton,REG,76,71,1,0
virginia-commonwealth,massachusetts,REG,68,50,1,0
virginia-commonwealth,rhode-island,REG,65,71,0,1
virginia-commonwealth,duquesne,REG,80,74,1,0
virginia-commonwealth,george-mason,REG,79,63,1,0
virginia-commonwealth,george-washington,REG,60,50,1,0
virginia-commonwealth,st-bonaventure,REG,85,55,1,0
virginia-commonwealth,richmond,REG,81,60,1,0
virginia-commonwealth,dayton,REG,69,68,1,0
virginia-commonwealth,rhode-island,REG,76,42,1,0
virginia-commonwealth,george-washington,REG,85,57,1,0
virginia-commonwealth,saint-louis,REG,71,65,1,0
virginia-commonwealth,richmond,REG,69,66,1,0
virginia-commonwealth,george-mason,REG,71,36,1,0
virginia-commonwealth,saint-josephs,REG,75,63,1,0
virginia-commonwealth,rhode-island,CTOURN,70,75,0,1
virginia-tech,gardner-webb,REG,87,59,1,0
virginia-tech,ball-state,REG,73,64,1,0
virginia-tech,northeastern,REG,88,60,1,0
virginia-tech,purdue,REG,89,83,1,0
virginia-tech,saint-francis-pa,REG,75,37,1,0
virginia-tech,penn-state,REG,62,63,0,1
virginia-tech,central-connecticut-state,REG,94,40,1,0
virginia-tech,virginia-military-institute,REG,89,68,1,0
virginia-tech,south-carolina-state,REG,81,44,1,0
virginia-tech,washington,REG,73,61,1,0
virginia-tech,north-carolina-at,REG,82,60,1,0
virginia-tech,maryland-eastern-shore,REG,85,40,1,0
virginia-tech,notre-dame,REG,81,66,1,0
virginia-tech,boston-college,REG,77,66,1,0
virginia-tech,georgia-tech,REG,52,49,1,0
virginia-tech,virginia,REG,59,81,0,1
virginia-tech,wake-forest,REG,87,71,1,0
virginia-tech,north-carolina,REG,82,103,0,1
virginia-tech,syracuse,REG,78,56,1,0
virginia-tech,miami-fl,REG,82,70,1,0
virginia-tech,north-carolina-state,REG,47,24,1,0
virginia-tech,louisville,REG,64,72,0,1
virginia-tech,clemson,REG,51,59,0,1
virginia-tech,georgia-tech,REG,76,68,1,0
virginia-tech,pittsburgh,REG,70,64,1,0
virginia-tech,virginia,REG,58,64,0,1
virginia-tech,notre-dame,REG,67,59,1,0
virginia-tech,duke,REG,77,72,1,0
virginia-tech,florida-state,REG,64,73,0,1
virginia-tech,miami-fl,REG,84,70,1,0
virginia-tech,miami-fl,CTOURN,71,56,1,0
virginia-tech,florida-state,CTOURN,63,65,0,1
virginia,towson,REG,73,42,1,0
virginia,george-washington,REG,76,57,1,0
virginia,coppin-state,REG,97,40,1,0
virginia,middle-tennessee,REG,74,52,1,0
virginia,dayton,REG,66,59,1,0
virginia,wisconsin,REG,53,46,1,0
virginia,maryland,REG,76,71,1,0
virginia,morgan-state,REG,83,45,1,0
virginia,virginia-commonwealth,REG,57,49,1,0
virginia,south-carolina,REG,69,52,1,0
virginia,william-mary,REG,72,40,1,0
virginia,marshall,REG,100,64,1,0
virginia,florida-state,REG,65,52,1,0
virginia,boston-college,REG,83,56,1,0
virginia,clemson,REG,63,43,1,0
virginia,virginia-tech,REG,81,59,1,0
virginia,duke,REG,70,72,0,1
virginia,wake-forest,REG,68,45,1,0
virginia,notre-dame,REG,82,55,1,0
virginia,north-carolina-state,REG,66,65,1,0
virginia,miami-fl,REG,56,46,1,0
virginia,duke,REG,71,81,0,1
virginia,north-carolina,REG,69,61,1,0
virginia,notre-dame,REG,60,54,1,0
virginia,virginia-tech,REG,64,58,1,0
virginia,louisville,REG,64,52,1,0
virginia,georgia-tech,REG,81,51,1,0
virginia,pittsburgh,REG,73,49,1,0
virginia,syracuse,REG,79,53,1,0
virginia,louisville,REG,73,68,1,0
virginia,north-carolina-state,CTOURN,76,56,1,0
virginia,florida-state,CTOURN,59,69,0,1
washington,western-kentucky,REG,73,55,1,0
washington,auburn,REG,66,88,0,1
washington,san-diego,REG,66,63,1,0
washington,santa-clara,REG,82,68,1,0
washington,texas-am,REG,71,67,1,0
washington,minnesota,REG,66,68,0,1
washington,eastern-washington,REG,83,59,1,0
washington,california-santa-barbara,REG,67,63,1,0
washington,gonzaga,REG,79,81,0,1
washington,seattle,REG,70,62,1,0
washington,virginia-tech,REG,61,73,0,1
washington,sacramento-state,REG,57,41,1,0
washington,cal-state-fullerton,REG,84,76,1,0
washington,washington-state,REG,85,67,1,0
washington,utah,REG,69,53,1,0
washington,colorado,REG,77,70,1,0
washington,stanford,REG,80,64,1,0
washington,california,REG,71,52,1,0
washington,oregon,REG,61,56,1,0
washington,oregon-state,REG,79,69,1,0
washington,southern-california,REG,75,62,1,0
washington,ucla,REG,69,55,1,0
washington,arizona,REG,67,60,1,0
washington,arizona-state,REG,63,75,0,1
washington,washington-state,REG,72,70,1,0
washington,utah,REG,62,45,1,0
washington,colorado,REG,64,55,1,0
washington,california,REG,73,76,0,1
washington,stanford,REG,62,61,1,0
washington,oregon-state,REG,81,76,1,0
washington,oregon,REG,47,55,0,1
washington,southern-california,CTOURN,78,75,1,0
washington,colorado,CTOURN,66,61,1,0
washington,oregon,CTOURN,48,68,0,1
wisconsin,coppin-state,REG,85,63,1,0
wisconsin,xavier,REG,77,68,1,0
wisconsin,houston-baptist,REG,96,59,1,0
wisconsin,stanford,REG,62,46,1,0
wisconsin,oklahoma,REG,78,58,1,0
wisconsin,virginia,REG,46,53,0,1
wisconsin,north-carolina-state,REG,79,75,1,0
wisconsin,iowa,REG,72,66,1,0
wisconsin,rutgers,REG,69,64,1,0
wisconsin,marquette,REG,69,74,0,1
wisconsin,savannah-state,REG,101,60,1,0
wisconsin,grambling,REG,84,53,1,0
wisconsin,western-kentucky,REG,76,83,0,1
wisconsin,minnesota,REG,52,59,0,1
wisconsin,penn-state,REG,71,52,1,0
wisconsin,purdue,REG,80,84,0,1
wisconsin,maryland,REG,60,64,0,1
wisconsin,michigan,REG,64,54,1,0
wisconsin,illinois,REG,72,60,1,0
wisconsin,northwestern,REG,62,46,1,0
wisconsin,nebraska,REG,62,51,1,0
wisconsin,maryland,REG,69,61,1,0
wisconsin,minnesota,REG,56,51,1,0
wisconsin,michigan,REG,52,61,0,1
wisconsin,michigan-state,REG,59,67,0,1
wisconsin,illinois,REG,64,58,1,0
wisconsin,northwestern,REG,69,64,1,0
wisconsin,indiana,REG,73,75,0,1
wisconsin,penn-state,REG,61,57,1,0
wisconsin,iowa,REG,65,45,1,0
wisconsin,ohio-state,REG,73,67,1,0
wisconsin,nebraska,CTOURN,66,62,1,0
wisconsin,michigan-state,CTOURN,55,67,0,1
wofford,north-carolina,REG,67,78,0,1
wofford,high-point,REG,68,60,1,0
wofford,carver-bible,REG,94,35,1,0
wofford,oklahoma,REG,64,75,0,1
wofford,coppin-state,REG,99,65,1,0
wofford,mars-hill,REG,97,46,1,0
wofford,south-carolina,REG,81,61,1,0
wofford,east-tennessee-state,REG,79,62,1,0
wofford,kansas,REG,47,72,0,1
wofford,kentucky-christian,REG,112,58,1,0
wofford,coastal-carolina,REG,82,71,1,0
wofford,north-carolina-asheville,REG,92,49,1,0
wofford,mississippi-state,REG,87,98,0,1
wofford,western-carolina,REG,74,54,1,0
wofford,citadel,REG,112,81,1,0
wofford,mercer,REG,78,74,1,0
wofford,north-carolina-greensboro,REG,72,43,1,0
wofford,virginia-military-institute,REG,90,76,1,0
wofford,furman,REG,59,54,1,0
wofford,samford,REG,107,106,1,0
wofford,chattanooga,REG,80,69,1,0
wofford,mercer,REG,76,67,1,0
wofford,citadel,REG,99,61,1,0
wofford,east-tennessee-state,REG,78,76,1,0
wofford,western-carolina,REG,83,56,1,0
wofford,virginia-military-institute,REG,95,84,1,0
wofford,north-carolina-greensboro,REG,80,50,1,0
wofford,furman,REG,72,64,1,0
wofford,chattanooga,REG,80,54,1,0
wofford,samford,REG,85,64,1,0
wofford,virginia-military-institute,CTOURN,99,72,1,0
wofford,east-tennessee-state,CTOURN,81,72,1,0
wofford,north-carolina-greensboro,CTOURN,70,58,1,0
yale,california,REG,76,59,1,0
yale,memphis,REG,102,109,0,1
yale,vermont,REG,70,79,0,1
yale,bryant,REG,103,61,1,0
yale,miami-fl,REG,77,73,1,0
yale,lehigh,REG,97,87,1,0
yale,duke,REG,58,91,0,1
yale,albany-ny,REG,71,63,1,0
yale,monmouth,REG,66,58,1,0
yale,iona,REG,99,84,1,0
yale,kennesaw-state,REG,92,65,1,0
yale,cal-state-northridge,REG,94,90,1,0
yale,skidmore,REG,88,59,1,0
yale,brown,REG,70,67,1,0
yale,brown,REG,79,71,1,0
yale,harvard,REG,49,65,0,1
yale,dartmouth,REG,89,68,1,0
yale,princeton,REG,74,60,1,0
yale,pennsylvania,REG,78,65,1,0
yale,columbia,REG,70,64,1,0
yale,cornell,REG,98,92,1,0
yale,dartmouth,REG,77,59,1,0
yale,harvard,REG,86,88,0,1
yale,cornell,REG,88,65,1,0
yale,columbia,REG,75,83,0,1
yale,pennsylvania,REG,66,77,0,1
yale,princeton,REG,81,59,1,0
yale,princeton,CTOURN,83,77,1,0
yale,harvard,CTOURN,97,85,1,0
